date,NO3-N_ugL_YRZ,NO3-N_ugL_YHZ
2011/9/7,28.818,
2011/9/8,26.125,
2011/9/9,282.926,
2011/9/10,268.334,
2011/9/11,301.786,
2011/9/12,375.566,
2011/9/13,329.773,
2011/9/14,270.026,772.105
2011/9/15,266.582,1001.229
2011/9/16,264.431,1065.526
2011/9/17,242.455,1120.007
2011/9/18,241.893,1220.758
2011/9/19,224.622,1363.101
2011/9/20,206.914,1383.588
2011/9/21,192.555,1450.385
2011/9/22,169.084,1372.718
2011/9/23,159.543,1356.956
2011/9/24,156.791,1402.987
2011/9/25,146.593,1387.985
2011/9/26,126.611,1321.647
2011/9/27,131.393,1132.127
2011/9/28,168.181,993.151
2011/9/29,210.092,1090.072
2011/9/30,175.866,972.387
2011/10/1,175.785,1038.646
2011/10/2,174.77,1022.055
2011/10/3,159.207,1096.174
2011/10/4,119.471,1192.94
2011/10/5,118.983,1174.828
2011/10/6,199.943,1197.285
2011/10/7,169.859,1163.588
2011/10/8,243.302,1298.599
2011/10/9,167.454,1357.011
2011/10/10,187.544,1349.626
2011/10/11,337.318,1357.761
2011/10/12,493.82,963.342
2011/10/13,388.922,357.684
2011/10/14,336.505,333.645
2011/10/15,329.844,545.638
2011/10/16,335.047,758.791
2011/10/17,332.798,895.147
2011/10/18,326.098,954.162
2011/10/19,297.425,1035.711
2011/10/20,279.069,1067.193
2011/10/21,267.904,1115.294
2011/10/22,269.986,1150.848
2011/10/23,274.403,1206.226
2011/10/24,272.474,1187.255
2011/10/25,242.107,982.463
2011/10/26,217.132,872.481
2011/10/27,209.24,914.587
2011/10/28,181.487,988.071
2011/10/29,158.988,787.284
2011/10/30,143.656,854.052
2011/10/31,119.242,984.616
2011/11/1,109.099,1065.269
2011/11/2,100.917,1101.844
2011/11/3,87.995,1046.786
2011/11/4,82.312,1016.952
2011/11/5,76.109,1005.505
2011/11/6,82.111,1019.827
2011/11/7,81.996,1018.567
2011/11/8,92.293,1022.402
2011/11/9,111.484,1070.581
2011/11/10,138.686,1087.437
2011/11/11,143.563,1069.759
2011/11/12,152.843,1024.459
2011/11/13,242.781,1031.762
2011/11/14,369.197,1040.635
2011/11/15,243.95,1056.231
2011/11/16,229.395,1091.727
2011/11/17,311.538,1142.259
2011/11/18,259.803,1151.875
2011/11/19,223.954,1197.209
2011/11/20,212.437,1200.543
2011/11/21,197.861,1220.129
2011/11/22,193.703,971.161
2011/11/23,193.746,977.157
2011/11/24,184.885,944.335
2011/11/25,184.611,934.509
2011/11/26,217.251,935.233
2011/11/27,218.611,757.87
2011/11/28,196.169,739.131
2011/11/29,184.24,793.558
2011/11/30,171.352,673.152
2011/12/1,206.19,690.61
2011/12/2,235.948,744.053
2011/12/3,393.454,611.082
2011/12/4,870.182,1201.688
2011/12/5,633.59,830.322
2011/12/6,560.137,766.892
2011/12/7,572.15,902.898
2011/12/8,813.995,1160.313
2011/12/9,1040.313,1317.063
2011/12/10,1114.918,1584.637
2011/12/11,1005.24,2150.937
2011/12/12,905.628,2347.783
2011/12/13,874.869,1976.392
2011/12/14,985.199,2223.623
2011/12/15,1048.737,2837.76
2011/12/16,995.861,2981.268
2011/12/17,1075.924,3386.538
2011/12/18,1043.666,3983.517
2011/12/19,984.619,4178.394
2011/12/20,941.188,4233.814
2011/12/21,884.448,4277.29
2011/12/22,840.125,4329.916
2011/12/23,807.832,3916.194
2011/12/24,889.326,3956.832
2011/12/25,936.105,4375.734
2011/12/26,828.798,4471.658
2011/12/27,802.4,4483.403
2011/12/28,806.346,4507.237
2011/12/29,789.175,4476.471
2011/12/30,754.674,4093.868
2011/12/31,784.988,4158.095
2012/1/1,740.085,3952.271
2012/1/2,762.797,3884.119
2012/1/3,818.451,4173.773
2012/1/4,783.435,4107.486
2012/1/5,723.917,3515.955
2012/1/6,861.386,4405.335
2012/1/7,652.798,4641.995
2012/1/8,742.559,4372.25
2012/1/9,905.353,4537.738
2012/1/10,752.729,4664.95
2012/1/11,623.765,4770.569
2012/1/12,554.931,4651.86
2012/1/13,519.223,4322.531
2012/1/14,554.931,4371.78
2012/1/15,579.05,4400.715
2012/1/16,587.35,4586.805
2012/1/17,559.461,4674.866
2012/1/18,552.751,4566.854
2012/1/19,511.532,4408.265
2012/1/20,482.686,3878.059
2012/1/21,511.575,3872.059
2012/1/22,447.296,3465.545
2012/1/23,480.681,3309.772
2012/1/24,546.469,4101.055
2012/1/25,544.773,4494.427
2012/1/26,536.616,4610.88
2012/1/27,537.892,4692.351
2012/1/28,525.771,4657.365
2012/1/29,522.118,4629.769
2012/1/30,589.012,4638.161
2012/1/31,1991.431,4455
2012/2/1,1081.214,4781.93
2012/2/2,457.02,4671.408
2012/2/3,83.469,4811.27
2012/2/4,62.387,4464.823
2012/2/5,78.573,4443.741
2012/2/6,489.421,4372.454
2012/2/7,262.182,4315.975
2012/2/8,302.946,4088.14
2012/2/9,568.938,4024.533
2012/2/10,427.483,3979.909
2012/2/11,707.738,3926.436
2012/2/12,814.458,3862.141
2012/2/13,422.055,3743.528
2012/2/14,922.067,3652.441
2012/2/15,846.271,3553.867
2012/2/16,407.514,3426.641
2012/2/17,417.551,3373.279
2012/2/18,453.196,3412.601
2012/2/19,529.684,2630.588
2012/2/20,572.459,2655.653
2012/2/21,555.272,2816.268
2012/2/22,516.529,2852.322
2012/2/23,467.313,2635.329
2012/2/24,450.624,2337.619
2012/2/25,610.884,2520.627
2012/2/26,673.469,2782.247
2012/2/27,696.637,2908.266
2012/2/28,647.182,2946.967
2012/2/29,570.4,3011.214
2012/3/1,550.14,3145.126
2012/3/2,543.12,3203.03
2012/3/3,518.596,3225.239
2012/3/4,487.921,3253.417
2012/3/5,464.717,3258.631
2012/3/6,452.96,3292.92
2012/3/7,451.964,3373.799
2012/3/8,430.239,3271.581
2012/3/9,379.782,2870.109
2012/3/10,367.639,2791.189
2012/3/11,346.504,2754.02
2012/3/12,315.162,2677.258
2012/3/13,398.611,2591.343
2012/3/14,625.678,2509.12
2012/3/15,611.249,2603.944
2012/3/16,600.618,2550.181
2012/3/17,588.972,2501.805
2012/3/18,569.812,2458.013
2012/3/19,520.854,2270.624
2012/3/20,515.397,2267.132
2012/3/21,505.804,2031.989
2012/3/22,485.353,1720.395
2012/3/23,,1771.138
2012/3/24,,1806.182
2012/3/25,,2103.577
2012/3/26,457.176,1945.328
2012/3/27,594.93,1804.229
2012/3/28,439.382,1782.966
2012/3/29,436.949,1782.268
2012/3/30,482.661,1824.225
2012/3/31,453.351,1806.917
2012/4/1,466.308,1724.502
2012/4/2,471.998,1704.496
2012/4/3,438.11,1667.933
2012/4/4,498.06,1672.317
2012/4/5,489.503,1428.295
2012/4/6,483.855,1401.817
2012/4/7,473.707,1397.293
2012/4/8,470.591,1406.142
2012/4/9,489.241,1458.2
2012/4/10,507.268,1411.091
2012/4/11,495.222,1195.067
2012/4/12,486.372,1146.59
2012/4/13,488.016,1081.015
2012/4/14,454.956,1169.076
2012/4/15,477.815,1179.052
2012/4/16,489.864,1168.006
2012/4/17,467.151,1240.181
2012/4/18,443.748,1241.339
2012/4/19,368.561,1043.958
2012/4/20,354.78,1054.923
2012/4/21,338.85,664.817
2012/4/22,368.726,1078.604
2012/4/23,334.268,1102.529
2012/4/24,310.891,590.935
2012/4/25,308.229,944.197
2012/4/26,284.474,1046.126
2012/4/27,306.199,1100.034
2012/4/28,314.818,830.337
2012/4/29,311.461,1262.073
2012/4/30,317.373,1387.619
2012/5/1,312.178,1509.307
2012/5/2,324.495,999.157
2012/5/3,469.031,1121.952
2012/5/4,397.795,826.242
2012/5/5,439.6,
2012/5/6,426.194,
2012/5/7,428.997,
2012/5/8,432.781,
2012/5/9,386.565,
2012/5/10,411.065,
2012/5/11,424.355,
2012/5/12,392.614,
2012/5/13,341.836,
2012/5/14,336.801,
2012/5/15,333.95,
2012/5/16,294.546,
2012/5/17,225.968,
2012/5/18,221.363,
2012/5/19,207.308,
2012/5/20,211.073,
2012/5/21,206.721,
2012/5/22,282.324,
2012/5/23,341.116,
2012/5/24,342.648,
2012/5/25,333.12,
2012/5/26,322.566,
2012/5/27,328.897,
2012/5/28,316.083,
2012/5/29,295.373,641.628
2012/5/30,258.022,536.832
2012/5/31,277.601,508.766
2012/6/1,316.807,720.58
2012/6/2,251.289,762.583
2012/6/3,284.677,701.33
2012/6/4,277.203,688.272
2012/6/5,348.304,927.574
2012/6/6,317.717,786.448
2012/6/7,319.959,769.551
2012/6/8,278.472,794.361
2012/6/9,313.173,824.655
2012/6/10,325.224,872.837
2012/6/11,358.188,839.276
2012/6/12,333.922,732.913
2012/6/13,322.505,772.603
2012/6/14,345.985,767.691
2012/6/15,334.809,732.051
2012/6/16,322.193,796.956
2012/6/17,317.504,779.251
2012/6/18,338.223,761.882
2012/6/19,369.702,808.783
2012/6/20,444.084,969.209
2012/6/21,359.419,909.218
2012/6/22,331.997,683.258
2012/6/23,335.737,621.088
2012/6/24,343.254,654.49
2012/6/25,311.74,704.301
2012/6/26,291.563,688.04
2012/6/27,305.341,678.258
2012/6/28,330.568,689.344
2012/6/29,314.721,701.293
2012/6/30,294.054,698.627
2012/7/1,315.705,969.367
2012/7/2,280.487,719.686
2012/7/3,266.271,707.517
2012/7/4,263.49,708.192
2012/7/5,263.028,692.601
2012/7/6,240.868,686.587
2012/7/7,246.464,676.574
2012/7/8,240.422,652.387
2012/7/9,218.183,641.677
2012/7/10,222.691,609.29
2012/7/11,255.838,632.295
2012/7/12,258.495,702.006
2012/7/13,238.962,641.818
2012/7/14,336.858,742.182
2012/7/15,322.582,608.182
2012/7/16,300.023,525.695
2012/7/17,372.077,562.584
2012/7/18,379.141,535.502
2012/7/19,369.53,517.15
2012/7/20,356.973,521.696
2012/7/21,350.67,537.698
2012/7/22,339.898,572.74
2012/7/23,323.378,569.821
2012/7/24,315.296,573.809
2012/7/25,315.08,570.713
2012/7/26,300.696,573.153
2012/7/27,315.345,576.641
2012/7/28,353.6,865.836
2012/7/29,278.222,740.475
2012/7/30,254.803,731.378
2012/7/31,233.118,529.852
2012/8/1,224.586,496.11
2012/8/2,213.27,488.627
2012/8/3,225.677,567.957
2012/8/4,205.103,601.87
2012/8/5,218.475,546.3
2012/8/6,239.818,704.201
2012/8/7,207.413,353.893
2012/8/8,167.922,420.177
2012/8/9,172.766,487.772
2012/8/10,173.417,510.313
2012/8/11,174.127,547.346
2012/8/12,169.667,496.087
2012/8/13,,506.237
2012/8/14,,524.471
2012/8/15,,546.876
2012/8/16,,724.809
2012/8/17,,639.779
2012/8/18,,548.698
2012/8/19,,543.793
2012/8/20,,564.96
2012/8/21,,585.636
2012/8/22,,668.722
2012/8/23,,561.85
2012/8/24,,649.367
2012/8/25,,622.899
2012/8/26,,597.056
2012/8/27,,603.92
2012/8/28,137.495,559.34
2012/8/29,124.117,535.572
2012/8/30,159.49,550.869
2012/8/31,209.15,719.02
2012/9/1,158.12,728.75
2012/9/2,136.859,659.498
2012/9/3,125.043,560.967
2012/9/4,135.076,544.85
2012/9/5,141.203,646.496
2012/9/6,133.914,595.221
2012/9/7,124.183,573.519
2012/9/8,131.395,565.402
2012/9/9,135.596,558.289
2012/9/10,142.693,564.482
2012/9/11,266.854,627.639
2012/9/12,223.227,682.025
2012/9/13,298.758,623.251
2012/9/14,194.809,603.084
2012/9/15,171.872,596.808
2012/9/16,157.984,570.945
2012/9/17,151.946,575.955
2012/9/18,155.679,567.11
2012/9/19,186.329,566.744
2012/9/20,143.361,562.471
2012/9/21,130.824,511.773
2012/9/22,159.555,491.208
2012/9/23,128.838,479.846
2012/9/24,213.772,585.318
2012/9/25,187.683,608.281
2012/9/26,224.397,502.887
2012/9/27,304.398,575.856
2012/9/28,281.019,541.567
2012/9/29,216.246,512.744
2012/9/30,181.291,532.115
2012/10/1,182.1,528.938
2012/10/2,186.865,538.393
2012/10/3,186.076,546.844
2012/10/4,546.978,735.251
2012/10/5,798.523,904.629
2012/10/6,542.303,670.662
2012/10/7,493.196,697.791
2012/10/8,463.503,708.244
2012/10/9,441.142,595.759
2012/10/10,456.577,518.888
2012/10/11,461.483,536.522
2012/10/12,487.828,581.904
2012/10/13,430.362,515.885
2012/10/14,429.463,506.175
2012/10/15,491.37,542.173
2012/10/16,511.654,434.03
2012/10/17,484.462,376.733
2012/10/18,463.395,388.13
2012/10/19,455.124,408.865
2012/10/20,434.192,428.034
2012/10/21,421.173,437.437
2012/10/22,394.199,427.073
2012/10/23,390.344,428.851
2012/10/24,389.624,452.3
2012/10/25,390.584,459.287
2012/10/26,374.926,421.33
2012/10/27,378.986,448.313
2012/10/28,371.982,475.042
2012/10/29,375.772,468.622
2012/10/30,404.832,473.782
2012/10/31,384.496,446.362
2012/11/1,354.768,423.39
2012/11/2,367.69,417.841
2012/11/3,579.497,528.914
2012/11/4,876.513,633.486
2012/11/5,749.194,424.174
2012/11/6,684.922,368.526
2012/11/7,697.026,450.947
2012/11/8,809.073,479.016
2012/11/9,759.187,525.195
2012/11/10,754.826,608.495
2012/11/11,835.391,662.458
2012/11/12,838.104,635.276
2012/11/13,824.669,735.829
2012/11/14,820.128,875.863
2012/11/15,825.64,1004.22
2012/11/16,838.512,1103.649
2012/11/17,813.825,1161.844
2012/11/18,787.657,1167.485
2012/11/19,742.078,1098.657
2012/11/20,724.625,1084.123
2012/11/21,755.984,1229.792
2012/11/22,720.78,1329.864
2012/11/23,698.825,1301.451
2012/11/24,686.212,1311.461
2012/11/25,670.338,1223.795
2012/11/26,677.409,1193.706
2012/11/27,651.366,1185.2
2012/11/28,667.615,1137.178
2012/11/29,701.611,1068.023
2012/11/30,718.492,1012.124
2012/12/1,747.591,1047.722
2012/12/2,781.861,1115.282
2012/12/3,797.027,1177.527
2012/12/4,809.166,1377.261
2012/12/5,719.377,1490.583
2012/12/6,428.868,1566.679
2012/12/7,890.941,1607.146
2012/12/8,270.217,1711.131
2012/12/9,319,1761.085
2012/12/10,803.768,1729.65
2012/12/11,768.609,1736.833
2012/12/12,745.288,1771.466
2012/12/13,734.58,1796.333
2012/12/14,741.411,1788.298
2012/12/15,1553.361,2151.495
2012/12/16,1823.516,1456.553
2012/12/17,1703.527,1920.713
2012/12/18,1582.459,3824.461
2012/12/19,1550.771,4303.416
2012/12/20,1467.063,4620.583
2012/12/21,1393.311,4819.558
2012/12/22,1336.829,4915.858
2012/12/23,1362.761,4352.842
2012/12/24,2045.005,4179.11
2012/12/25,2034.955,4178.51
2012/12/26,2184.745,4178.846
2012/12/27,1943.82,4179.211
2012/12/28,1123.106,4179.642
2012/12/29,1640.513,4179.294
2012/12/30,2139.436,4178.39
2012/12/31,2277.201,4179.083
2013/1/1,1868.966,4179.281
2013/1/2,2033.906,4178.945
2013/1/3,1548.228,3781.066
2013/1/4,1364.383,
2013/1/5,1336.489,
2013/1/6,1390.657,
2013/1/7,1413.146,
2013/1/8,1411.706,
2013/1/9,1389.258,
2013/1/10,1376.605,
2013/1/11,1382.604,
2013/1/12,1380.663,
2013/1/13,1376.079,
2013/1/14,1365.528,
2013/1/15,1426.35,
2013/1/16,1446.005,
2013/1/17,1445.988,
2013/1/18,1446.066,
2013/1/19,1446.085,
2013/1/20,1446.116,
2013/1/21,1446.062,
2013/1/22,1446.1,5.234
2013/1/23,,5.354
2013/1/24,,5.369
2013/1/25,,
2013/1/26,,
2013/1/27,,
2013/1/28,,
2013/1/29,868.913,2839.622
2013/1/30,1174.45,2840.342
2013/1/31,1300.848,3742.361
2013/2/1,1231.916,4276.302
2013/2/2,1242.763,4548.25
2013/2/3,1228.945,4844.474
2013/2/4,1147.609,4874.516
2013/2/5,1139.055,4634.045
2013/2/6,1155.594,4887.108
2013/2/7,1137.387,5065.431
2013/2/8,1102.762,5117.757
2013/2/9,1076.239,5093.654
2013/2/10,1057.326,5050.673
2013/2/11,1081.385,5058.729
2013/2/12,1022.78,4946.117
2013/2/13,1002.74,4878.136
2013/2/14,6.211,4813.261
2013/2/15,6.316,4634.516
2013/2/16,6.525,4602.167
2013/2/17,420.46,4439.063
2013/2/18,3013.356,4256.118
2013/2/19,773.718,4132.247
2013/2/20,1255.299,4005.649
2013/2/21,3616.332,3856.692
2013/2/22,6530.7,3769.342
2013/2/23,6.082,3676.538
2013/2/24,2643.817,3498.661
2013/2/25,3129.668,3427.699
2013/2/26,4587.127,3323.351
2013/2/27,2251.532,3260.677
2013/2/28,537.608,3177.717
2013/3/1,546.982,3109.649
2013/3/2,912.477,3068.485
2013/3/3,811.027,2993.76
2013/3/4,758.69,2945.656
2013/3/5,781.279,2944.322
2013/3/6,791.676,2911.326
2013/3/7,792.568,2920.531
2013/3/8,812.486,2891.553
2013/3/9,863.9,2932.264
2013/3/10,891.487,3176.074
2013/3/11,968.019,3396.255
2013/3/12,969.518,3627.36
2013/3/13,982.877,3822.713
2013/3/14,988.648,3928.251
2013/3/15,959.65,3981.819
2013/3/16,948.818,4066.466
2013/3/17,871.031,3980.702
2013/3/18,864.455,3931.53
2013/3/19,841.338,3796.166
2013/3/20,819.669,3715.081
2013/3/21,797.796,3600.563
2013/3/22,785.429,3572.792
2013/3/23,792.425,3528.195
2013/3/24,803.535,3493.612
2013/3/25,755.381,3546.352
2013/3/26,758.738,3515.701
2013/3/27,778.006,3342.536
2013/3/28,760.79,3368.235
2013/3/29,822.067,3306.982
2013/3/30,781.573,3293.509
2013/3/31,744.65,3240.913
2013/4/1,721.449,3176.817
2013/4/2,661.993,3164.723
2013/4/3,682.154,3057.935
2013/4/4,675.66,3012.341
2013/4/5,666.142,2978.646
2013/4/6,663.988,2945.033
2013/4/7,680.762,2936.992
2013/4/8,693.972,2935.766
2013/4/9,721.375,2893.882
2013/4/10,823.624,2929.455
2013/4/11,1330.608,3105.597
2013/4/12,1755.383,4158.24
2013/4/13,1704.366,4552.012
2013/4/14,1754.293,5862.82
2013/4/15,1457.025,5481.108
2013/4/16,1793.124,5002.891
2013/4/17,1660.842,4746.736
2013/4/18,1437.451,4528.43
2013/4/19,1307.542,4337.808
2013/4/20,1360.607,4220.825
2013/4/21,1955.371,4105.561
2013/4/22,1305.748,3934.533
2013/4/23,1053.703,3785.484
2013/4/24,1203.106,3599.184
2013/4/25,4592.853,3417.551
2013/4/26,1819.38,3244.067
2013/4/27,1098.942,2928.715
2013/4/28,1023.755,2696.197
2013/4/29,1222.621,2517.184
2013/4/30,663.696,2394.79
2013/5/1,634.666,2454.454
2013/5/2,646.478,2535.565
2013/5/3,599.508,2557.721
2013/5/4,551.149,2524.692
2013/5/5,489.69,2610.104
2013/5/6,451.099,2551.105
2013/5/7,503.296,2358.173
2013/5/8,455.417,2166.042
2013/5/9,377.219,1998.461
2013/5/10,355.295,1858.762
2013/5/11,397.836,1805.868
2013/5/12,412.814,1735.57
2013/5/13,373.825,1555.125
2013/5/14,407.154,1458.589
2013/5/15,519.58,1352.478
2013/5/16,892.674,2074.416
2013/5/17,751.688,1798.679
2013/5/18,988.598,1614.338
2013/5/19,951.531,1870.03
2013/5/20,828.45,2041.056
2013/5/21,780.812,2168.762
2013/5/22,734.97,2034.872
2013/5/23,711.012,1950.635
2013/5/24,739.62,1779.885
2013/5/25,808.767,2285.234
2013/5/26,660.947,1891.989
2013/5/27,798.805,2653.878
2013/5/28,791.645,3379.568
2013/5/29,732.776,3355.296
2013/5/30,724.924,3280.22
2013/5/31,695.474,2817.699
2013/6/1,718.69,2947.607
2013/6/2,750.678,3858.394
2013/6/3,752.415,4004.043
2013/6/4,666.531,3966.481
2013/6/5,739.586,3857.324
2013/6/6,1226.926,3684.234
2013/6/7,1324.936,3539.843
2013/6/8,1880.108,3445.542
2013/6/9,1602.54,3239.055
2013/6/10,1810.716,2705.554
2013/6/11,1324.824,2844.356
2013/6/12,1561.401,2678.223
2013/6/13,840.342,2623.688
2013/6/14,2459.869,2379.741
2013/6/15,1463.896,2334.834
2013/6/16,1880.165,2273.575
2013/6/17,1463.793,2263.837
2013/6/18,1672.067,2185.224
2013/6/19,1464.28,2028.892
2013/6/20,1197.995,1882.322
2013/6/21,467.45,1717.448
2013/6/22,432.719,1667.14
2013/6/23,395.786,1624.531
2013/6/24,368.514,1722.476
2013/6/25,435.206,1666.95
2013/6/26,468.289,1609.314
2013/6/27,508.864,1602.852
2013/6/28,483.095,1592.299
2013/6/29,456.102,1599.475
2013/6/30,413.917,1539.093
2013/7/1,389.597,1553.749
2013/7/2,371.53,1474.892
2013/7/3,423.924,1178.314
2013/7/4,394.987,1152.369
2013/7/5,314.661,1206.163
2013/7/6,290.665,1185.117
2013/7/7,301.568,1124.064
2013/7/8,297.876,1131.963
2013/7/9,305.081,1207.443
2013/7/10,337.381,1233.759
2013/7/11,419.124,1080.472
2013/7/12,445.736,944.635
2013/7/13,392.999,898.164
2013/7/14,304.327,857.594
2013/7/15,238.088,836.02
2013/7/16,213.899,857.445
2013/7/17,198.871,893.965
2013/7/18,209.572,1088.233
2013/7/19,254.156,1025.695
2013/7/20,263.725,934.853
2013/7/21,377.118,916.315
2013/7/22,482.035,904.407
2013/7/23,448.814,
2013/7/24,600.493,
2013/7/25,685.517,
2013/7/26,423.494,
2013/7/27,174.945,
2013/7/28,84.791,
2013/7/29,157.702,
2013/7/30,180.716,
2013/7/31,130.378,787.141
2013/8/1,192.667,720.795
2013/8/2,181.861,713.171
2013/8/3,182.941,697.856
2013/8/4,180.352,764.103
2013/8/5,162.043,721.585
2013/8/6,259.409,690.994
2013/8/7,753.113,1386.53
2013/8/8,445.369,836.579
2013/8/9,344.35,790.389
2013/8/10,342.203,752.035
2013/8/11,312.693,693.496
2013/8/12,324.635,690.02
2013/8/13,305.545,788.037
2013/8/14,256.524,665.869
2013/8/15,200.437,598.311
2013/8/16,160.892,520.817
2013/8/17,172.173,465.532
2013/8/18,183.826,440.309
2013/8/19,211.646,611.375
2013/8/20,161.177,539.727
2013/8/21,163.386,525.767
2013/8/22,123.132,559.815
2013/8/23,111.681,530.418
2013/8/24,75.479,496.446
2013/8/25,66.785,482.429
2013/8/26,141.795,473.316
2013/8/27,223.941,482.85
2013/8/28,297.602,666.048
2013/8/29,220.977,876.861
2013/8/30,221.387,596.794
2013/8/31,247.033,530.376
2013/9/1,217.374,673.005
2013/9/2,211.94,538.27
2013/9/3,214.857,522.098
2013/9/4,184.18,538.867
2013/9/5,183.944,471.475
2013/9/6,193.244,450.725
2013/9/7,186.577,460.473
2013/9/8,196.376,485.867
2013/9/9,538.24,1069.942
2013/9/10,426.089,1059.953
2013/9/11,660.565,1001.193
2013/9/12,534.883,841.426
2013/9/13,437.883,848.888
2013/9/14,432.21,772.093
2013/9/15,397.781,674.323
2013/9/16,342.735,695.804
2013/9/17,314.81,632.337
2013/9/18,277.854,644.201
2013/9/19,271.728,579.4
2013/9/20,272.7,587.068
2013/9/21,241.583,605.984
2013/9/22,201.381,592.522
2013/9/23,195.242,586.071
2013/9/24,182.615,598.555
2013/9/25,157.614,587.259
2013/9/26,156.623,649.035
2013/9/27,158.172,629.643
2013/9/28,156.491,614.862
2013/9/29,141.074,602.984
2013/9/30,123.026,582.305
2013/10/1,133.918,591.354
2013/10/2,132.937,660.114
2013/10/3,132.319,653.632
2013/10/4,139.815,652.14
2013/10/5,352.036,792.908
2013/10/6,615.255,901.229
2013/10/7,412.036,688.468
2013/10/8,336.574,556.257
2013/10/9,321.278,590.735
2013/10/10,353.508,742.865
2013/10/11,651.062,815.355
2013/10/12,892.436,1002.051
2013/10/13,734.257,1057.983
2013/10/14,719.634,1335.859
2013/10/15,689.94,1471.823
2013/10/16,673.903,1328.294
2013/10/17,640.758,1518.314
2013/10/18,624.582,1773.592
2013/10/19,622.037,1942.176
2013/10/20,593.287,1953.107
2013/10/21,553.554,1895.627
2013/10/22,519.281,1942.19
2013/10/23,544.794,1951.135
2013/10/24,527.666,1993.439
2013/10/25,521.305,1974.446
2013/10/26,459.533,1944.031
2013/10/27,417.017,1570.176
2013/10/28,461.572,1495.686
2013/10/29,484.821,1555.432
2013/10/30,549.164,1639.001
2013/10/31,596.343,1813.682
2013/11/1,613.584,1906.367
2013/11/2,622.724,1855.52
2013/11/3,854.4,1865.282
2013/11/4,938.159,2494.928
2013/11/5,962.475,3009.21
2013/11/6,914.118,3255.214
2013/11/7,899.165,3611.927
2013/11/8,942.315,3871.679
2013/11/9,969.805,4537.667
2013/11/10,959.209,4785.333
2013/11/11,967.377,5004.07
2013/11/12,963.771,5175.011
2013/11/13,924.531,5165.289
2013/11/14,958.513,5156.855
2013/11/15,942.062,5182.965
2013/11/16,947.403,5163.784
2013/11/17,934.993,5080.272
2013/11/18,909.22,4948.281
2013/11/19,896.613,4818.998
2013/11/20,835.015,2516.385
2013/11/21,854.368,3701.169
2013/11/22,906.262,4612.101
2013/11/23,882.705,1428.723
2013/11/24,961.508,5.181
2013/11/25,1105.7,5.171
2013/11/26,1115.436,5304.254
2013/11/27,1105.842,5787.483
2013/11/28,1031.094,5477.953
2013/11/29,989.71,686.695
2013/11/30,900.173,5.054
2013/12/1,955.483,5.108
2013/12/2,1003.087,5.121
2013/12/3,1033.653,2934.792
2013/12/4,1062.164,5138.676
2013/12/5,1036.556,5102.37
2013/12/6,1006.589,4934.186
2013/12/7,1002.084,4957.485
2013/12/8,1008.348,4563.534
2013/12/9,1104.102,3388.402
2013/12/10,1214.471,4330.499
2013/12/11,1201.083,4998.477
2013/12/12,1180.666,5150.362
2013/12/13,1170.064,5254.817
2013/12/14,1175.608,5283.869
2013/12/15,1148.933,5193.614
2013/12/16,1140.711,5073.43
2013/12/17,1083.21,5030.608
2013/12/18,1026.672,4979.069
2013/12/19,977.754,4808.059
2013/12/20,952.845,4677.457
2013/12/21,961.582,4537.226
2013/12/22,933.273,4479.424
2013/12/23,802.435,4219.628
2013/12/24,848.397,4050.595
2013/12/25,700.625,4006.438
2013/12/26,689.26,3943.269
2013/12/27,769.441,3837.177
2013/12/28,773.993,3777.606
2013/12/29,693.526,3259.512
2013/12/30,950.883,3382.625
2013/12/31,1066.361,3595.718
2014/1/1,1116.926,3784.884
2014/1/2,1101.387,3880.555
2014/1/3,1015.002,3782.837
2014/1/4,948.883,3668.525
2014/1/5,962.387,3684.741
2014/1/6,969.376,3687.881
2014/1/7,987.434,3257.144
2014/1/8,1076.39,3486.231
2014/1/9,1241.406,4025.573
2014/1/10,1152.844,4057.132
2014/1/11,1272.958,4673.761
2014/1/12,1208.495,4920.035
2014/1/13,1249.397,5092.161
2014/1/14,1254.369,5297.372
2014/1/15,1219.279,5350.49
2014/1/16,1160.927,5391.438
2014/1/17,1098.662,5076.609
2014/1/18,1118.819,5012.901
2014/1/19,1116.793,5020.016
2014/1/20,1103.629,4940.303
2014/1/21,1107.873,4923.239
2014/1/22,1103.168,4918.344
2014/1/23,1098.42,4903.777
2014/1/24,1080.311,4835.541
2014/1/25,1135.561,4898.242
2014/1/26,966.075,4897.195
2014/1/27,1035.585,4774.045
2014/1/28,363.465,4699.347
2014/1/29,5.498,4607.805
2014/1/30,5.355,4550.981
2014/1/31,5.445,4472.603
2014/2/1,5.504,4403.773
2014/2/2,5.467,4224.073
2014/2/3,5.454,4037.886
2014/2/4,5.526,3972.843
2014/2/5,5.491,3920.679
2014/2/6,,3760.598
2014/2/7,,3482.713
2014/2/8,,3296.223
2014/2/9,,3621.82
2014/2/10,,4550.848
2014/2/11,,4949.291
2014/2/12,922.841,5014.904
2014/2/13,786.364,4968.796
2014/2/14,915.994,4473.699
2014/2/15,956.004,4370.337
2014/2/16,954.054,4279.66
2014/2/17,1012.439,4471.064
2014/2/18,1010.499,4701.337
2014/2/19,983.32,4767.303
2014/2/20,950.296,4720.414
2014/2/21,911.212,4697.632
2014/2/22,874.65,4572.218
2014/2/23,861.357,4606.672
2014/2/24,850.888,4621.192
2014/2/25,818.12,4577.37
2014/2/26,809.776,4554.299
2014/2/27,771.627,4409.412
2014/2/28,739.542,4216.635
2014/3/1,735.909,4157.895
2014/3/2,726.645,4152.039
2014/3/3,719.213,4112.57
2014/3/4,711.643,4007.296
2014/3/5,691.055,3968.91
2014/3/6,671.979,3871.471
2014/3/7,655.078,3788.154
2014/3/8,637.05,3738.525
2014/3/9,624.228,3633.548
2014/3/10,617.926,3247.492
2014/3/11,599.252,2830.833
2014/3/12,578.9,2844.162
2014/3/13,570.977,2987.81
2014/3/14,562.7,3144.09
2014/3/15,579.365,3107.447
2014/3/16,554.09,3120.054
2014/3/17,519.982,3292.913
2014/3/18,504.735,3205.157
2014/3/19,500.404,2846.559
2014/3/20,466.033,2639.935
2014/3/21,429.21,2543.449
2014/3/22,482.326,2519.177
2014/3/23,439.458,2591.024
2014/3/24,436.109,2717.027
2014/3/25,438.39,2606.873
2014/3/26,432.625,2639.606
2014/3/27,425.128,2581.677
2014/3/28,424.139,2510.538
2014/3/29,408.734,2457.823
2014/3/30,392.202,2357.516
2014/3/31,374.903,2282.014
2014/4/1,356.33,2214.189
2014/4/2,346.861,2150.503
2014/4/3,346.264,2105.376
2014/4/4,356.678,2076.114
2014/4/5,342.201,2003.328
2014/4/6,314.238,1951.79
2014/4/7,282.189,1972.716
2014/4/8,310.113,1883.668
2014/4/9,334.307,1961.54
2014/4/10,349.33,1944.952
2014/4/11,348.948,1944.219
2014/4/12,314.646,2053.293
2014/4/13,283.346,1784.413
2014/4/14,344.243,1743.247
2014/4/15,341.385,1770.717
2014/4/16,278.932,1730.196
2014/4/17,261.138,1539.338
2014/4/18,344.782,1562.779
2014/4/19,299.562,1590.479
2014/4/20,258.553,1451.669
2014/4/21,263.583,1385.442
2014/4/22,262.592,1304.373
2014/4/23,274.41,1286.849
2014/4/24,288.202,1351.938
2014/4/25,282.94,1310.198
2014/4/26,293.189,1280.771
2014/4/27,788.314,1204.674
2014/4/28,1265.717,1276.63
2014/4/29,745.284,1120.405
2014/4/30,660.907,1220.78
2014/5/1,613.56,1367.182
2014/5/2,510.06,1274.885
2014/5/3,547.685,1262.953
2014/5/4,550.349,1300.743
2014/5/5,512.905,1317.388
2014/5/6,492.16,1313
2014/5/7,446.18,1284.243
2014/5/8,409.851,1223.286
2014/5/9,382.928,1127.958
2014/5/10,367.874,932.763
2014/5/11,366.883,934.299
2014/5/12,393.554,905.587
2014/5/13,429.826,971.504
2014/5/14,456.248,1015.66
2014/5/15,455.95,1025.382
2014/5/16,455.797,1015.734
2014/5/17,447.969,985.476
2014/5/18,430.774,1046.231
2014/5/19,405.238,1161.157
2014/5/20,387.26,1148.219
2014/5/21,374.147,1176.089
2014/5/22,351.874,1195.441
2014/5/23,400.623,1235.563
2014/5/24,342.067,2640.587
2014/5/25,307.18,2737.092
2014/5/26,286.204,1676.561
2014/5/27,347.872,2796.808
2014/5/28,405.428,1461.157
2014/5/29,495.51,2214.517
2014/5/30,556.631,3105.762
2014/5/31,559.81,3449.248
2014/6/1,538.369,3420.871
2014/6/2,500.921,3333.801
2014/6/3,476.448,3264.691
2014/6/4,460.26,3013.305
2014/6/5,407.488,2925.039
2014/6/6,401.808,2929.816
2014/6/7,419.402,2877.73
2014/6/8,419.808,2822.747
2014/6/9,427.482,2795.105
2014/6/10,428.691,2617.868
2014/6/11,433.483,2443.835
2014/6/12,336.482,2220.224
2014/6/13,349.285,2256.946
2014/6/14,354.898,2392.531
2014/6/15,325.074,2288.574
2014/6/16,325.688,2246.473
2014/6/17,329.071,2186.858
2014/6/18,349.165,2148.985
2014/6/19,372.8,2106.252
2014/6/20,366.048,2027.72
2014/6/21,351.066,1960.443
2014/6/22,327.157,1882.262
2014/6/23,330.006,1887.182
2014/6/24,348.737,1850.806
2014/6/25,349.349,1758.025
2014/6/26,302.426,1558.849
2014/6/27,289.68,1671.007
2014/6/28,308.978,1655.945
2014/6/29,282.16,1491.267
2014/6/30,238.67,1648.736
2014/7/1,262.357,1648.11
2014/7/2,269.607,1414.135
2014/7/3,305.821,1480.696
2014/7/4,338.809,1649.399
2014/7/5,358.056,1640.131
2014/7/6,361.502,1555.013
2014/7/7,363.052,1513.083
2014/7/8,44.277,1279.332
2014/7/9,6.177,1269.543
2014/7/10,6.171,1224.791
2014/7/11,6.32,1277.161
2014/7/12,6.192,1610.863
2014/7/13,5.901,1879.43
2014/7/14,6.076,1891.848
2014/7/15,6.35,1860.386
2014/7/16,6.484,1885.21
2014/7/17,6.167,1711.001
2014/7/18,,1684.336
2014/7/19,,1664.884
2014/7/20,,1709.399
2014/7/21,,1621.664
2014/7/22,,1602.062
2014/7/23,,1517.269
2014/7/24,222.777,1530.807
2014/7/25,355.914,1375.669
2014/7/26,383.954,2406.01
2014/7/27,253.872,3727.539
2014/7/28,234.518,4541.71
2014/7/29,360.35,3370.193
2014/7/30,236.629,4829.278
2014/7/31,256.418,5199.229
2014/8/1,273.021,5391.133
2014/8/2,272.886,5241.179
2014/8/3,203.743,3553.335
2014/8/4,13.038,4536.026
2014/8/5,12.641,4743.175
2014/8/6,217.313,4815.266
2014/8/7,402.164,4596.134
2014/8/8,,4254.544
2014/8/9,,4254.406
2014/8/10,,4254.618
2014/8/11,,4254.566
2014/8/12,,3252.618
2014/8/13,,2778.838
2014/8/14,,2228.198
2014/8/15,,2574.897
2014/8/16,,2786.902
2014/8/17,,2929.506
2014/8/18,,2704.753
2014/8/19,,2660.052
2014/8/20,,2588.248
2014/8/21,,2779.376
2014/8/22,,2796.327
2014/8/23,,2754.632
2014/8/24,,2721.702
2014/8/25,,2559.34
2014/8/26,,1527.755
2014/8/27,,1668.578
2014/8/28,,2343.71
2014/8/29,,2761.144
2014/8/30,,2805.71
2014/8/31,,2714.275
2014/9/1,,2670.277
2014/9/2,,2138.448
2014/9/3,,1984.667
2014/9/4,,2148.403
2014/9/5,,2245.401
2014/9/6,,2113.345
2014/9/7,,2057.487
2014/9/8,,2427.444
2014/9/9,,2596.151
2014/9/10,,2761.302
2014/9/11,,2000.466
2014/9/12,,2365.834
2014/9/13,,2597.33
2014/9/14,484.097,2613.577
2014/9/15,505.272,2926.265
2014/9/16,499.719,3180.489
2014/9/17,524.419,3456.481
2014/9/18,573.916,3562.409
2014/9/19,495.003,2809.437
2014/9/20,460.764,2758.951
2014/9/21,639.193,2532.54
2014/9/22,586.607,2303.754
2014/9/23,599.497,2458.34
2014/9/24,327.463,2751.977
2014/9/25,309.931,2899.594
2014/9/26,751.526,3019.35
2014/9/27,714.666,2937.186
2014/9/28,712.825,2978.093
2014/9/29,677.195,2912.315
2014/9/30,641.84,2795.23
2014/10/1,615.516,2707.644
2014/10/2,609.186,2643.261
2014/10/3,593.274,2588.38
2014/10/4,600.66,2593.055
2014/10/5,601.236,2569.567
2014/10/6,587.145,2556.371
2014/10/7,591.624,2419.694
2014/10/8,503.643,2046.052
2014/10/9,519.589,1643.673
2014/10/10,553.215,1464.957
2014/10/11,561.461,1465.855
2014/10/12,624.154,1688.982
2014/10/13,665.242,2090.002
2014/10/14,679.682,2144.846
2014/10/15,754.889,2287.163
2014/10/16,781.9,2389.268
2014/10/17,720.58,2198.426
2014/10/18,751.506,2205.597
2014/10/19,771.531,2102.995
2014/10/20,761.454,1764.539
2014/10/21,818.49,1405.396
2014/10/22,1087.205,713.168
2014/10/23,1377.799,1877.791
2014/10/24,1257.721,2953.974
2014/10/25,1153.589,3274.696
2014/10/26,1072.919,3353.766
2014/10/27,1024.177,3361.356
2014/10/28,1012.042,3339.764
2014/10/29,990.752,3363.583
2014/10/30,889.627,3209.444
2014/10/31,887.149,3091.039
2014/11/1,872.232,2997.84
2014/11/2,867.745,2965.778
2014/11/3,849.671,2651.3
2014/11/4,842.675,2440.227
2014/11/5,816.408,2673.657
2014/11/6,803.866,2614.237
2014/11/7,800.45,2581.868
2014/11/8,795.213,2545.856
2014/11/9,796.028,2502.81
2014/11/10,787.405,2479.963
2014/11/11,788,2232.074
2014/11/12,775.808,2170.462
2014/11/13,814.381,2193.548
2014/11/14,769.235,
2014/11/15,764.657,
2014/11/16,765.516,
2014/11/17,702.361,1787.778
2014/11/18,723.017,1858.38
2014/11/19,735.221,1735.535
2014/11/20,728.723,1774.604
2014/11/21,735.684,2129.642
2014/11/22,738.71,2155.43
2014/11/23,751.064,2175.57
2014/11/24,753.985,2156.141
2014/11/25,738.717,2144.019
2014/11/26,742.213,2155.49
2014/11/27,752.787,2173.907
2014/11/28,770.328,2190.26
2014/11/29,777.506,2198.319
2014/11/30,778.562,2215.228
2014/12/1,751.719,2230.6
2014/12/2,769.984,2260.843
2014/12/3,790.562,2301.237
2014/12/4,782.835,2319.562
2014/12/5,802.23,2328.185
2014/12/6,774.419,2212.645
2014/12/7,743.112,2138.838
2014/12/8,741.196,2086.894
2014/12/9,726.565,2061.451
2014/12/10,733.575,2078.86
2014/12/11,760.933,2011.15
2014/12/12,1007.564,1907.629
2014/12/13,1423.06,2255.492
2014/12/14,1430.489,2902.399
2014/12/15,1321.197,3287.141
2014/12/16,1230.502,3384.469
2014/12/17,1174.794,3415.673
2014/12/18,1027.221,3212.279
2014/12/19,1727.581,2881.233
2014/12/20,1805.699,3576.051
2014/12/21,1736.279,3948.147
2014/12/22,1911.183,4092.841
2014/12/23,2845.703,3986.944
2014/12/24,2007.035,4300.51
2014/12/25,1357.644,4315.028
2014/12/26,1434.588,4463.908
2014/12/27,1458.458,4608.736
2014/12/28,1750.191,4656.888
2014/12/29,1745.992,4327.409
2014/12/30,1482.124,3078.399
2014/12/31,1173.769,4244.665
2015/1/1,1179.435,4089.971
2015/1/2,1080.06,4019.335
2015/1/3,1080.481,3824.933
2015/1/4,1081.426,3782.366
2015/1/5,1061.941,3710.571
2015/1/6,1053.615,3594.869
2015/1/7,1168.674,3509.945
2015/1/8,1026.867,3424.7
2015/1/9,2835.031,3223.78
2015/1/10,1694.532,3597.207
2015/1/11,1389.667,3754.224
2015/1/12,1303.278,2431.252
2015/1/13,1562.316,1756.155
2015/1/14,1353.861,2127.677
2015/1/15,1252.027,2975.463
2015/1/16,1311.512,1530.135
2015/1/17,1280.58,207.969
2015/1/18,1271.995,2887.427
2015/1/19,1254.82,3047.006
2015/1/20,1213.357,5.175
2015/1/21,1193.925,5.269
2015/1/22,1185.303,5.207
2015/1/23,1165.865,5.257
2015/1/24,1147.462,5.248
2015/1/25,1124.889,5.223
2015/1/26,1102.348,228.887
2015/1/27,1071.209,58.768
2015/1/28,1055.081,940.478
2015/1/29,1039.981,1738.917
2015/1/30,1028.388,2135.837
2015/1/31,1013.121,2830.316
2015/2/1,997.708,2618.968
2015/2/2,981.312,3005.007
2015/2/3,968.32,3173.08
2015/2/4,969.398,3206.981
2015/2/5,967.219,3128.805
2015/2/6,991.463,3069.119
2015/2/7,998.222,3080.14
2015/2/8,934.345,2965.04
2015/2/9,913.564,2859.66
2015/2/10,890.425,2730.872
2015/2/11,908.322,2436.902
2015/2/12,928.958,2885.482
2015/2/13,957.781,3352.822
2015/2/14,994.3,3640.311
2015/2/15,1000.462,3822.569
2015/2/16,966.476,3848.401
2015/2/17,983.409,3817.536
2015/2/18,951.213,3861.387
2015/2/19,950.307,3739.878
2015/2/20,971.017,3687.422
2015/2/21,967.554,3458.755
2015/2/22,1068.25,3397.144
2015/2/23,1110.069,3582.956
2015/2/24,1112.332,3737.147
2015/2/25,1047.676,3565.743
2015/2/26,1039.801,3474.97
2015/2/27,1005.252,3445.353
2015/2/28,987.229,3381.658
2015/3/1,1001.091,3338.984
2015/3/2,1003.698,3129.452
2015/3/3,1115.509,3297.257
2015/3/4,1191.127,3449.011
2015/3/5,1266.001,3681.429
2015/3/6,1254.393,3764.574
2015/3/7,1202.892,3844.908
2015/3/8,1159.468,3798.7
2015/3/9,1201.74,3681.636
2015/3/10,1207.13,3686.868
2015/3/11,1187.173,3530.41
2015/3/12,1157.428,3632.974
2015/3/13,1132.459,3626.32
2015/3/14,1128.392,3610.6
2015/3/15,1118.295,3410.23
2015/3/16,1083.858,3268.653
2015/3/17,1051.444,3204.048
2015/3/18,1014.632,3151.142
2015/3/19,990.684,3107.548
2015/3/20,981.638,3049.592
2015/3/21,971.944,3008.774
2015/3/22,944.006,2878.674
2015/3/23,932.661,2815.323
2015/3/24,903.238,2724.486
2015/3/25,877.333,2704.404
2015/3/26,852.351,2664.364
2015/3/27,859.684,2595.207
2015/3/28,848.858,2412.033
2015/3/29,940.005,2201.802
2015/3/30,1557.295,2263.556
2015/3/31,1463.432,2592.249
2015/4/1,1577.59,3397.677
2015/4/2,1479.971,3630.037
2015/4/3,1420.484,3845.4
2015/4/4,1379.723,4160.191
2015/4/5,1352.379,4275.654
2015/4/6,1305.457,4221.292
2015/4/7,1528.991,4149.292
2015/4/8,1165.087,3876.304
2015/4/9,1148.744,3690.249
2015/4/10,1178.848,3606.851
2015/4/11,1124.69,3504.336
2015/4/12,1040.176,3389.344
2015/4/13,1312.807,3299.752
2015/4/14,971.511,3210.802
2015/4/15,933.958,3012.269
2015/4/16,904.857,2953.66
2015/4/17,875.114,2888.716
2015/4/18,854.585,2796.325
2015/4/19,839.285,2717.92
2015/4/20,813.238,2637.293
2015/4/21,775.941,2551.62
2015/4/22,772.154,2550.944
2015/4/23,743.002,2450.495
2015/4/24,691.092,2344.249
2015/4/25,665.163,2266.636
2015/4/26,675.169,2192.585
2015/4/27,688.486,1957.248
2015/4/28,634.333,1768.703
2015/4/29,568.781,1759.931
2015/4/30,581.162,1760.73
2015/5/1,640.105,1493.208
2015/5/2,559.999,1522.171
2015/5/3,557.909,1590.059
2015/5/4,586.558,1446.262
2015/5/5,546.675,1359.566
2015/5/6,557.467,1370.682
2015/5/7,563.639,1203.478
2015/5/8,556.495,1015.853
2015/5/9,566.453,970.696
2015/5/10,566.073,1027.026
2015/5/11,554.656,1186.164
2015/5/12,608.952,1377.693
2015/5/13,623.21,1389.635
2015/5/14,538.202,1195.674
2015/5/15,543.276,1214.322
2015/5/16,568.907,1217.87
2015/5/17,592.04,1242.707
2015/5/18,577.383,1212.408
2015/5/19,581.339,1182.712
2015/5/20,597.036,1257.504
2015/5/21,603.616,1294.05
2015/5/22,600.802,1258.628
2015/5/23,616.114,1190.859
2015/5/24,620.674,1179.361
2015/5/25,629.312,1085.162
2015/5/26,619.539,1155.599
2015/5/27,605.485,925.414
2015/5/28,657.196,863.591
2015/5/29,610.929,818.874
2015/5/30,603.202,818.678
2015/5/31,534.669,750.923
2015/6/1,546.023,677.049
2015/6/2,535.985,664.692
2015/6/3,543.187,718.922
2015/6/4,550.02,902.025
2015/6/5,581.531,832.892
2015/6/6,608.132,738.994
2015/6/7,573.267,756.177
2015/6/8,484.969,772.235
2015/6/9,500.001,712.572
2015/6/10,501.469,691.033
2015/6/11,502.564,712.821
2015/6/12,509.681,741.379
2015/6/13,616.656,743.453
2015/6/14,467.46,670.205
2015/6/15,467.575,731.339
2015/6/16,410.34,775.245
2015/6/17,421.064,786.751
2015/6/18,363.615,609.273
2015/6/19,383.493,494.376
2015/6/20,367.109,497.573
2015/6/21,376.988,525.948
2015/6/22,392.887,527.396
2015/6/23,467.474,655.274
2015/6/24,417.241,575.116
2015/6/25,365.079,408.663
2015/6/26,385.145,417.683
2015/6/27,398.74,465.117
2015/6/28,378.9,716.35
2015/6/29,306.864,401.115
2015/6/30,319.863,443.282
2015/7/1,434.238,523.051
2015/7/2,512.452,546.784
2015/7/3,528.788,542.779
2015/7/4,521.913,520.458
2015/7/5,572.044,493.413
2015/7/6,483.958,839.622
2015/7/7,640.898,522.249
2015/7/8,521.005,611.614
2015/7/9,503.516,482.363
2015/7/10,383.248,495.182
2015/7/11,309.747,574.981
2015/7/12,321.06,673.344
2015/7/13,322.562,639.184
2015/7/14,329.475,686.277
2015/7/15,379.629,634.497
2015/7/16,386.121,642.14
2015/7/17,379.338,668.503
2015/7/18,379.698,684.483
2015/7/19,441.458,677.501
2015/7/20,473.811,732.544
2015/7/21,396.898,641.889
2015/7/22,420.549,596.304
2015/7/23,382.884,565.711
2015/7/24,355.512,524.099
2015/7/25,354.687,570.746
2015/7/26,244.447,515.93
2015/7/27,268.148,446.404
2015/7/28,423.461,586.213
2015/7/29,413.718,586.183
2015/7/30,361.313,534.891
2015/7/31,323.39,526.772
2015/8/1,275.261,509.798
2015/8/2,254.606,464.81
2015/8/3,267.618,409.521
2015/8/4,280.543,392.16
2015/8/5,302.109,376.647
2015/8/6,302.614,267.601
2015/8/7,305.085,202.569
2015/8/8,312.188,117.479
2015/8/9,294.38,117.026
2015/8/10,309.804,234.508
2015/8/11,325.792,255.612
2015/8/12,311.082,272.418
2015/8/13,326.772,241.41
2015/8/14,328.823,195.553
2015/8/15,398.974,303.569
2015/8/16,359.407,374.883
2015/8/17,406.04,362.485
2015/8/18,820.17,1079.22
2015/8/19,591.763,945.624
2015/8/20,462.763,951.111
2015/8/21,432.821,878.229
2015/8/22,423.085,807.392
2015/8/23,396.801,903.673
2015/8/24,427.885,980.918
2015/8/25,446.323,839.867
2015/8/26,419.22,886.848
2015/8/27,381.955,819.797
2015/8/28,706.741,698.069
2015/8/29,526.204,647.42
2015/8/30,461.924,625.017
2015/8/31,467.898,699.461
2015/9/1,516.297,709.425
2015/9/2,512.199,818.098
2015/9/3,526.574,514.015
2015/9/4,456.019,448.116
2015/9/5,427.414,631.903
2015/9/6,424.762,644.574
2015/9/7,411.766,587.231
2015/9/8,399.952,525.182
2015/9/9,407.881,576.34
2015/9/10,418.739,638.314
2015/9/11,409.284,693.209
2015/9/12,398.438,679.564
2015/9/13,441.204,740.526
2015/9/14,455.945,705.617
2015/9/15,528.538,613.77
2015/9/16,509.003,623.945
2015/9/17,524.842,401.27
2015/9/18,517.521,301.81
2015/9/19,508.825,293.66
2015/9/20,498.857,363.059
2015/9/21,483.985,458.6
2015/9/22,489.666,510.703
2015/9/23,499.245,410.064
2015/9/24,479.884,402.271
2015/9/25,459.114,427.468
2015/9/26,451.782,448.534
2015/9/27,444.03,474.946
2015/9/28,452.899,508.686
2015/9/29,456.881,512.44
2015/9/30,448.307,515.147
2015/10/1,438.474,552.98
2015/10/2,446.341,581.552
2015/10/3,441.543,602.42
2015/10/4,422.685,578.225
2015/10/5,393.809,524.574
2015/10/6,385.872,483.52
2015/10/7,398.234,515.224
2015/10/8,394.91,428.364
2015/10/9,587.763,548.912
2015/10/10,560.333,388.655
2015/10/11,458.53,391.428
2015/10/12,423.111,363.707
2015/10/13,414.565,341.664
2015/10/14,481.213,413.247
2015/10/15,716.282,539.896
2015/10/16,867.634,406.196
2015/10/17,788.312,338.461
2015/10/18,734.196,377.109
2015/10/19,710.949,603.388
2015/10/20,713.431,734.654
2015/10/21,726.195,887.192
2015/10/22,736.886,1140.625
2015/10/23,707.906,1409.12
2015/10/24,700.063,1566.205
2015/10/25,692.11,1613.032
2015/10/26,688.676,1673.431
2015/10/27,682.324,1719.965
2015/10/28,678.688,1761.188
2015/10/29,663.351,1675.242
2015/10/30,639.861,1555.693
2015/10/31,618.786,1472.852
2015/11/1,615.207,1414.214
2015/11/2,613.41,1396.586
2015/11/3,631.857,1434.732
2015/11/4,645.28,1434.701
2015/11/5,619.294,1324.779
2015/11/6,619.096,1213.896
2015/11/7,587.455,1182.632
2015/11/8,520.472,1099.337
2015/11/9,542.956,1109.739
2015/11/10,537.027,1004.452
2015/11/11,560.728,921.209
2015/11/12,617.01,882.74
2015/11/13,599.571,873.964
2015/11/14,611.839,839.691
2015/11/15,1389.948,1212.109
2015/11/16,1515.758,1210.092
2015/11/17,1318.025,1619.851
2015/11/18,1329.154,1711.657
2015/11/19,1343.351,2209.7
2015/11/20,1283.459,2292.537
2015/11/21,1303.465,2652.701
2015/11/22,1273.624,2980.249
2015/11/23,1248.809,3103.427
2015/11/24,1224.396,3241.157
2015/11/25,1199.993,3287.476
2015/11/26,1164.584,3162.253
2015/11/27,1150.846,2996.211
2015/11/28,1144.77,2838.104
2015/11/29,1149.498,2614.941
2015/11/30,1448.134,2692.953
2015/12/1,1469.086,3379.393
2015/12/2,1406.317,3974.182
2015/12/3,1312.662,4132.048
2015/12/4,1265.016,4272.894
2015/12/5,1242.452,4250.944
2015/12/6,1224.522,4231.654
2015/12/7,1162.872,4100.255
2015/12/8,1156.707,3994.167
2015/12/9,1131.509,3948.781
2015/12/10,1127.516,3850.538
2015/12/11,1114.546,
2015/12/12,1074.762,
2015/12/13,1061.971,
2015/12/14,1112.339,
2015/12/15,1134.952,
2015/12/16,1106.875,3310.537
2015/12/17,1075.177,3229.026
2015/12/18,1052.3,3028.758
2015/12/19,1053.921,2973.831
2015/12/20,1049.298,2962.331
2015/12/21,1031.359,2937.993
2015/12/22,1010.836,2869.324
2015/12/23,1012.07,2835.117
2015/12/24,1017.397,2850.233
2015/12/25,1005.534,2845.324
2015/12/26,976.077,2740.386
2015/12/27,992.224,2721.573
2015/12/28,991.74,2730.331
2015/12/29,990.676,2735.608
2015/12/30,986.431,2736.349
2015/12/31,983.869,2718.07
2016/1/1,955.434,2655.24
2016/1/2,975.212,2643.11
2016/1/3,978.271,2646.946
2016/1/4,978.079,2687.789
2016/1/5,970.868,2687.208
2016/1/6,955.685,2679.89
2016/1/7,950.674,2661.315
2016/1/8,967.19,2549.876
2016/1/9,960.561,2502.029
2016/1/10,955.215,2446.107
2016/1/11,974.41,2189.872
2016/1/12,1143.85,2268.896
2016/1/13,1340.643,2893.655
2016/1/14,1387.533,3544.628
2016/1/15,1356.199,3948.765
2016/1/16,1309.149,4106.412
2016/1/17,1260.849,4114.409
2016/1/18,1264.391,3659.39
2016/1/19,1303.734,4063.526
2016/1/20,1192.712,4130.741
2016/1/21,1171.444,3981.276
2016/1/22,1259.99,3351.988
2016/1/23,1145.983,3808.143
2016/1/24,1117.059,
2016/1/25,1128.889,
2016/1/26,1330.685,
2016/1/27,1404.104,4012.564
2016/1/28,1438.037,4002.931
2016/1/29,1428.269,3928.617
2016/1/30,1373.342,
2016/1/31,1503.245,2879.673
2016/2/1,1435.267,
2016/2/2,1691.18,3105.824
2016/2/3,1574.069,3298.374
2016/2/4,1406.168,3237.266
2016/2/5,3265.504,3804.154
2016/2/6,3394.072,3781.658
2016/2/7,1643.803,3890.357
2016/2/8,1374.452,3882.4
2016/2/9,1601.564,3599.308
2016/2/10,2752.291,3408.505
2016/2/11,2509.796,2398.115
2016/2/12,1281.627,
2016/2/13,1287.998,4036.063
2016/2/14,1261.212,4126.095
2016/2/15,1230.791,
2016/2/16,1228.08,
2016/2/17,1244.181,3913.656
2016/2/18,1237.012,4085.296
2016/2/19,1219.055,4053.155
2016/2/20,1182.745,3902.838
2016/2/21,2260.325,2991.247
2016/2/22,3393.562,2884.086
2016/2/23,1531.565,3489.872
2016/2/24,1329.557,3815.083
2016/2/25,1313.84,3778.547
2016/2/26,1293.292,3965.199
2016/2/27,1282.767,4105.287
2016/2/28,1321.694,4106.65
2016/2/29,1285.347,4113.306
2016/3/1,1239.108,4110.161
2016/3/2,1165.772,3922.712
2016/3/3,1129.42,3666.888
2016/3/4,1104.668,3563.897
2016/3/5,1062.752,3460.365
2016/3/6,1007.495,3235.173
2016/3/7,1013.866,3165.156
2016/3/8,1045.297,3120.891
2016/3/9,1072.523,3087.746
2016/3/10,1066.017,3014.3
2016/3/11,1032.617,2936.047
2016/3/12,1010.114,2838.732
2016/3/13,991.038,2770.968
2016/3/14,969.576,2705.931
2016/3/15,962.235,2642.3
2016/3/16,907.231,2549.194
2016/3/17,911.291,2553.92
2016/3/18,903.021,2571.891
2016/3/19,888.871,2474.76
2016/3/20,858.641,2393.289
2016/3/21,820.068,2329.241
2016/3/22,794.978,2301.722
2016/3/23,773.663,2222.154
2016/3/24,761.715,2129.77
2016/3/25,776.271,2110.974
2016/3/26,737.812,2006.604
2016/3/27,738.552,1956.238
2016/3/28,727.177,1885.548
2016/3/29,712.668,1747.994
2016/3/30,728.148,1587.01
2016/3/31,766.262,1510.946
2016/4/1,824.07,1542.565
2016/4/2,920.744,1855.325
2016/4/3,955.622,2137.784
2016/4/4,938.379,2224.452
2016/4/5,938.41,2236.584
2016/4/6,938.392,2243.521
2016/4/7,938.373,2309.486
2016/4/8,938.363,2349.675
2016/4/9,938.364,2379.897
2016/4/10,938.455,2348.709
2016/4/11,487.127,2319.258
2016/4/12,5.977,2276.589
2016/4/13,5.854,2229.446
2016/4/14,385.555,2161.562
2016/4/15,798.525,2023.4
2016/4/16,734.895,1879.693
2016/4/17,669.333,1715.786
2016/4/18,680.73,1657.289
2016/4/19,704.706,1714.765
2016/4/20,686.316,1713.597
2016/4/21,669.997,1666.659
2016/4/22,664.823,1626.383
2016/4/23,659.365,1572.847
2016/4/24,661.545,1579.297
2016/4/25,659.207,1596.16
2016/4/26,673.038,1423.09
2016/4/27,658.497,1186.065
2016/4/28,704.893,1109.397
2016/4/29,699.133,954.949
2016/4/30,681.277,1036.806
2016/5/1,660.184,1051.427
2016/5/2,646.408,1005.53
2016/5/3,655.703,972.252
2016/5/4,635.066,954.748
2016/5/5,617.545,949.17
2016/5/6,600.501,1016.601
2016/5/7,590.148,1072.419
2016/5/8,580.941,1045.413
2016/5/9,570.721,990.322
2016/5/10,555.728,948.826
2016/5/11,548.2,931.254
2016/5/12,564.384,1163.907
2016/5/13,551.077,953.623
2016/5/14,529.021,854.549
2016/5/15,531.961,909.112
2016/5/16,508.032,911.129
2016/5/17,478.171,858.198
2016/5/18,477.155,843.062
2016/5/19,433.177,703.731
2016/5/20,453.6,734.789
2016/5/21,430.983,629.649
2016/5/22,416.346,636.417
2016/5/23,432.35,694.697
2016/5/24,556.987,4673.767
2016/5/25,522.391,2638.11
2016/5/26,492.244,596.124
2016/5/27,460.866,429.859
2016/5/28,516.23,720.811
2016/5/29,722.712,467.255
2016/5/30,548.698,333.449
2016/5/31,576.092,503.77
2016/6/1,643.22,930.636
2016/6/2,586.885,1000.228
2016/6/3,592.101,1542.729
2016/6/4,636.984,1908.854
2016/6/5,667.777,2063.458
2016/6/6,682.28,2050.158
2016/6/7,679.032,2060.285
2016/6/8,651.154,1944.802
2016/6/9,621.322,1694.859
2016/6/10,597.926,1659.687
2016/6/11,581.76,1616.021
2016/6/12,583.503,1361.839
2016/6/13,475.422,960.124
2016/6/14,444.878,1233.979
2016/6/15,433.473,1282.36
2016/6/16,377.414,1254.127
2016/6/17,385.045,1076.76
2016/6/18,336.946,988.322
2016/6/19,386.339,896.906
2016/6/20,395.645,902.042
2016/6/21,326.545,883.718
2016/6/22,316.807,740.885
2016/6/23,327.019,710.557
2016/6/24,428.766,669.673
2016/6/25,425.426,604.281
2016/6/26,316.254,489.006
2016/6/27,391.78,555.792
2016/6/28,434.698,861.805
2016/6/29,454.891,1060.031
2016/6/30,483.193,944.357
2016/7/1,543.144,907.319
2016/7/2,569.459,858.799
2016/7/3,494.327,880.922
2016/7/4,480.537,821.079
2016/7/5,471.983,859.151
2016/7/6,477.77,833.239
2016/7/7,455.473,723.277
2016/7/8,459.359,731.966
2016/7/9,482.417,729.296
2016/7/10,395.397,722.15
2016/7/11,318.148,526.98
2016/7/12,294.601,514.694
2016/7/13,273.827,520.401
2016/7/14,240.653,523.53
2016/7/15,213.697,471.405
2016/7/16,169.918,0.458
2016/7/17,192.266,0.564
2016/7/18,124.76,0.531
2016/7/19,90.988,0.518
2016/7/20,101.524,0.721
2016/7/21,86.959,0.527
2016/7/22,140.473,0.547
2016/7/23,169.598,0.346
2016/7/24,89.323,0.38
2016/7/25,93.742,0.498
2016/7/26,75.521,0.484
2016/7/27,140.548,0.357
2016/7/28,64.876,0.358
2016/7/29,111.496,
2016/7/30,111.705,
2016/7/31,110.037,
2016/8/1,48.87,
2016/8/2,48.92,
2016/8/3,66.09,
2016/8/4,97.888,
2016/8/5,110.711,
2016/8/6,24.03,
2016/8/7,6.483,
2016/8/8,6.215,
2016/8/9,16.172,
2016/8/10,67.015,
2016/8/11,120.557,
2016/8/12,238.566,
2016/8/13,231.319,
2016/8/14,213.577,
2016/8/15,209.366,
2016/8/16,208.2,
2016/8/17,208.607,
2016/8/18,213.958,
2016/8/19,203.559,
2016/8/20,301.422,
2016/8/21,243.936,
2016/8/22,217.274,
2016/8/23,209.995,
2016/8/24,235.062,
2016/8/25,278.868,712.178
2016/8/26,265.784,665.337
2016/8/27,279.862,699.066
2016/8/28,280.344,701.082
2016/8/29,297.961,769.378
2016/8/30,254.192,618.845
2016/8/31,236.114,508.93
2016/9/1,218.451,498.022
2016/9/2,203.328,410.734
2016/9/3,198.387,251.217
2016/9/4,288.116,344.221
2016/9/5,332.683,698.407
2016/9/6,274.842,489.906
2016/9/7,256.396,462.319
2016/9/8,235.198,667.459
2016/9/9,237.864,695.933
2016/9/10,244.021,482.785
2016/9/11,225.694,384.511
2016/9/12,226.303,304.622
2016/9/13,236.191,247.824
2016/9/14,249.892,283.079
2016/9/15,241.687,316.592
2016/9/16,386.331,392.8
2016/9/17,632.076,1165.684
2016/9/18,713.534,1124.147
2016/9/19,516.651,919.736
2016/9/20,382.99,940.679
2016/9/21,335.246,912.039
2016/9/22,314.805,811.189
2016/9/23,330.857,747.218
2016/9/24,289.768,717.831
2016/9/25,260.639,607.157
2016/9/26,251.146,538.912
2016/9/27,259.812,502.394
2016/9/28,231.31,478.81
2016/9/29,198.948,462.101
2016/9/30,194.463,374.447
2016/10/1,305.277,435.062
2016/10/2,322.108,699.79
2016/10/3,382.144,724.44
2016/10/4,671.13,860.026
2016/10/5,562.346,879.134
2016/10/6,523.714,905.205
2016/10/7,1050.595,1092.043
2016/10/8,781.997,1030.647
2016/10/9,642.756,977.236
2016/10/10,562.901,1109.578
2016/10/11,532.999,1162.023
2016/10/12,543.641,1106.946
2016/10/13,596.633,1205.882
2016/10/14,583.964,1459.124
2016/10/15,545.379,1721.695
2016/10/16,502.213,1918.739
2016/10/17,470.515,2041.005
2016/10/18,463.885,2059.005
2016/10/19,628.785,1734.129
2016/10/20,1082.478,1514.478
2016/10/21,918.508,1604.676
2016/10/22,1004.069,1826.518
2016/10/23,1010.413,2543.353
2016/10/24,959.636,3008.067
2016/10/25,916.656,2872.416
2016/10/26,972.533,3175.766
2016/10/27,937.587,3752.44
2016/10/28,922.13,4187.343
2016/10/29,868.281,4280.868
2016/10/30,828.314,4326.971
2016/10/31,798.974,4250.254
2016/11/1,763.197,4138.762
2016/11/2,736.004,4134.481
2016/11/3,677.501,4038.475
2016/11/4,676.958,3820.084
2016/11/5,691.859,3653.229
2016/11/6,684.04,3543.301
2016/11/7,699.265,3288.309
2016/11/8,734.355,2929.398
2016/11/9,819.053,2975.03
2016/11/10,876.326,3323.392
2016/11/11,905.219,3607.261
2016/11/12,939.036,3825.581
2016/11/13,973.11,4098.262
2016/11/14,1026.027,4275.042
2016/11/15,1038.554,4414.149
2016/11/16,942.017,4251.501
2016/11/17,1218.07,3347.092
2016/11/18,1400.127,3155.148
2016/11/19,1558.917,3994.082
2016/11/20,1517.6,4331.359
2016/11/21,1448.192,4361.082
2016/11/22,1378.231,4756.169
2016/11/23,1289.108,5226.23
2016/11/24,1264.062,5294.051
2016/11/25,1240.721,5339.548
2016/11/26,1232.664,5348.264
2016/11/27,1199.001,5333.41
2016/11/28,1170.869,5242.199
2016/11/29,1202.416,5269.943
2016/11/30,1209.597,5348.438
2016/12/1,1160.483,5273.551
2016/12/2,1027.452,4837.486
2016/12/3,1073.45,4634.485
2016/12/4,1117.576,4709.467
2016/12/5,1153.666,4777.833
2016/12/6,1170.248,4857.201
2016/12/7,1145.802,4792.673
2016/12/8,1051.568,4784.608
2016/12/9,972.581,4516.225
2016/12/10,918.296,4139.805
2016/12/11,920.002,3555.822
2016/12/12,965.969,3243.021
2016/12/13,956.694,3104.041
2016/12/14,968.637,3106.162
2016/12/15,963.999,3104.451
2016/12/16,970.761,3223.581
2016/12/17,995.697,3322.222
2016/12/18,1000.479,3401.777
2016/12/19,953.467,3301.347
2016/12/20,957.624,3350.005
2016/12/21,995.862,3448.489
2016/12/22,1013.427,3546.788
2016/12/23,997.147,3593.869
2016/12/24,943.534,3535.486
2016/12/25,932.47,3151.427
2016/12/26,1145.012,2944.85
2016/12/27,1222.658,3233.744
2016/12/28,1223.897,3718.844
2016/12/29,1209.57,4056.188
2016/12/30,1233.35,4224.828
2016/12/31,1268.105,4395.109
2017/1/1,1250.924,4584.137
2017/1/2,1232.239,4625.269
2017/1/3,1194.589,4611.805
2017/1/4,1161.252,4362.328
2017/1/5,1158.391,4328.37
2017/1/6,1068.786,4671.524
2017/1/7,1188.685,4584.56
2017/1/8,1100.579,4501.885
2017/1/9,1043.822,4427.85
2017/1/10,1020.841,4336.094
2017/1/11,1011.778,4203.989
2017/1/12,1003.831,4016.281
2017/1/13,984.977,3870.448
2017/1/14,973.643,3751.123
2017/1/15,945.589,3694.713
2017/1/16,940.888,3558.668
2017/1/17,913.765,3441.421
2017/1/18,928.644,3146.622
2017/1/19,915.732,3432.871
2017/1/20,883.84,3332.26
2017/1/21,909.473,3241.302
2017/1/22,902.543,3176.036
2017/1/23,894.767,3220.381
2017/1/24,861.223,3011.2
2017/1/25,840.031,2942.717
2017/1/26,836.579,2931.494
2017/1/27,849.534,2960.155
2017/1/28,845.643,2914.334
2017/1/29,824.589,2806.997
2017/1/30,829.249,2641.362
2017/1/31,910.129,2474.213
2017/2/1,951.176,2400.01
2017/2/2,895.385,2388.411
2017/2/3,899.592,2355.297
2017/2/4,960.26,2329.865
2017/2/5,1120.236,2545.921
2017/2/6,1176.63,2816.812
2017/2/7,1209.775,3038.586
2017/2/8,1217.006,3242.054
2017/2/9,1236.01,3355.99
2017/2/10,1226.815,3464.812
2017/2/11,1171.951,3552.373
2017/2/12,1154.069,3563.645
2017/2/13,1156.44,3563.331
2017/2/14,1166.764,3533.821
2017/2/15,1129.238,3734.131
2017/2/16,1104.802,3380.006
2017/2/17,1108.957,3241.595
2017/2/18,1128.616,3163.091
2017/2/19,1234.513,3321.816
2017/2/20,1331.052,3423.598
2017/2/21,1820.703,3898.605
2017/2/22,1746.632,4478.902
2017/2/23,1881.732,4492.784
2017/2/24,1817.95,4809.203
2017/2/25,1748.348,5380.567
2017/2/26,1523.607,5474.312
2017/2/27,1438.527,5361.44
2017/2/28,1359.779,4986.532
2017/3/1,1321.135,4629.466
2017/3/2,1237.635,3928.297
2017/3/3,1359.019,4419.59
2017/3/4,1355.279,4776.322
2017/3/5,1305.733,4750.425
2017/3/6,1269.944,4737.021
2017/3/7,1239.426,4688.346
2017/3/8,1199.547,4534.455
2017/3/9,1122.114,4055.161
2017/3/10,1115.125,3897.528
2017/3/11,1175.806,4172.76
2017/3/12,1191.747,4358.402
2017/3/13,1190.127,4387.904
2017/3/14,1164.063,4349.42
2017/3/15,1126.681,4264.886
2017/3/16,1098.726,4210.242
2017/3/17,1078.632,4157.418
2017/3/18,1006.325,3714.81
2017/3/19,993.496,3412.531
2017/3/20,1007.095,3231.142
2017/3/21,1035.009,3250.026
2017/3/22,1040.655,3322.002
2017/3/23,1058.558,3283.084
2017/3/24,1043.501,3249.036
2017/3/25,1031.991,3230.253
2017/3/26,1021.649,3258.19
2017/3/27,1006.628,3261.401
2017/3/28,990.604,3245.199
2017/3/29,963,2884.423
2017/3/30,920.833,2668.758
2017/3/31,871.633,2673.635
2017/4/1,849.791,2891.879
2017/4/2,810.084,3169.035
2017/4/3,784.745,3053.847
2017/4/4,787.997,2729.869
2017/4/5,791.405,2491.906
2017/4/6,765.25,2429.956
2017/4/7,750.613,2575.533
2017/4/8,737.108,2812.605
2017/4/9,703.516,2749.282
2017/4/10,680.236,2557.693
2017/4/11,677.71,2233.944
2017/4/12,703.531,2229.301
2017/4/13,693.986,2191.351
2017/4/14,637.21,2030.332
2017/4/15,643.643,1952.964
2017/4/16,626.169,1913.58
2017/4/17,600.852,1863.974
2017/4/18,628.278,1857.465
2017/4/19,628.667,1937.164
2017/4/20,599.55,1906.226
2017/4/21,590.376,1853.287
2017/4/22,595.306,1754.812
2017/4/23,584.333,1527.932
2017/4/24,568.775,1475.18
2017/4/25,565.066,1462.515
2017/4/26,574.375,1424.839
2017/4/27,584.95,1419.743
2017/4/28,584.352,1516.635
2017/4/29,562.048,1436.909
2017/4/30,555.808,1530.152
2017/5/1,526.287,1506.629
2017/5/2,623.055,1587.563
2017/5/3,606.412,1236.134
2017/5/4,547.368,958.658
2017/5/5,558.927,936.593
2017/5/6,538.783,980.167
2017/5/7,496.275,1096.204
2017/5/8,484.512,1046.679
2017/5/9,496.791,1059.653
2017/5/10,470.495,1021.82
2017/5/11,449.555,967.702
2017/5/12,453.932,995.783
2017/5/13,400.506,1011.929
2017/5/14,248.094,1135.115
2017/5/15,194.335,969.558
2017/5/16,164.772,1082.464
2017/5/17,152.868,1196.783
2017/5/18,146.819,1502.603
2017/5/19,151.726,1391.34
2017/5/20,151.75,1310.071
2017/5/21,151.681,2110.985
2017/5/22,151.629,2239.368
2017/5/23,151.577,2342.465
2017/5/24,151.619,2420.893
2017/5/25,151.595,2343.344
2017/5/26,151.458,2246.744
2017/5/27,151.327,2283.447
2017/5/28,151.315,2326.32
2017/5/29,151.208,2180.974
2017/5/30,151.218,2090.285
2017/5/31,6093.727,2073.49
2017/6/1,502.72,2074.207
2017/6/2,502.883,2047.987
2017/6/3,502.942,1993.286
2017/6/4,503.025,1732.955
2017/6/5,503.083,1704.434
2017/6/6,503.066,1643.544
2017/6/7,433.585,1577.566
2017/6/8,353.325,1622.022
2017/6/9,378.756,1689.985
2017/6/10,379.678,1665.584
2017/6/11,395.199,1681.274
2017/6/12,416.709,1223.365
2017/6/13,433.961,1410.087
2017/6/14,430.629,1502.456
2017/6/15,453.437,1499.818
2017/6/16,451.918,1472.529
2017/6/17,385.321,1378.806
2017/6/18,360.456,1312.27
2017/6/19,355.469,1193.756
2017/6/20,408.903,1124.27
2017/6/21,431.543,1077.272
2017/6/22,488.323,912.742
2017/6/23,475.864,744.013
2017/6/24,596.783,576.203
2017/6/25,531.655,151.264
2017/6/26,545.467,135.689
2017/6/27,406.939,688.301
2017/6/28,363.192,823.114
2017/6/29,398.681,819.292
2017/6/30,333.613,787.206
2017/7/1,280.532,755.454
2017/7/2,265.098,731.538
2017/7/3,249.952,674.186
2017/7/4,252.595,594.991
2017/7/5,269.47,497.968
2017/7/6,294.319,401.448
2017/7/7,318.668,347.173
2017/7/8,342.15,319.744
2017/7/9,471.12,505.74
2017/7/10,451.403,410.515
2017/7/11,363.972,764.41
2017/7/12,435.579,477.093
2017/7/13,471.349,341.763
2017/7/14,386.339,491.368
2017/7/15,377.588,481.362
2017/7/16,373.87,481.789
2017/7/17,385.155,526.727
2017/7/18,393.112,428.959
2017/7/19,435.454,346.216
2017/7/20,527.329,284.58
2017/7/21,337.582,271.584
2017/7/22,387.614,408.425
2017/7/23,718.315,289.16
2017/7/24,541.54,327.416
2017/7/25,689.222,419.751
2017/7/26,675.02,773.374
2017/7/27,774.564,1491.024
2017/7/28,774.66,1880.849
2017/7/29,764.703,1939.383
2017/7/30,762.366,2028.396
2017/7/31,760.656,2090.007
2017/8/1,760.699,1239.211
2017/8/2,760.68,1358.025
2017/8/3,760.669,1796.394
2017/8/4,637.422,1926.628
2017/8/5,585.036,1994.755
2017/8/6,553.703,1744.779
2017/8/7,559.014,1866.513
2017/8/8,571.52,2046.653
2017/8/9,552.938,2204.994
2017/8/10,529.952,1996.946
2017/8/11,455.427,1120.978
2017/8/12,399.055,723.917
2017/8/13,430.034,897.998
2017/8/14,463.456,1232.873
2017/8/15,505.368,1518.536
2017/8/16,517.874,1547.874
2017/8/17,498.201,1503.699
2017/8/18,488.324,1301.723
2017/8/19,419.224,803.329
2017/8/20,449.402,1020.316
2017/8/21,458.33,1267.622
2017/8/22,476.23,1572.371
2017/8/23,501.823,1791.277
2017/8/24,519.842,2002.789
2017/8/25,503.422,1960.463
2017/8/26,482.257,1954.838
2017/8/27,493.36,1888.049
2017/8/28,510.963,1824.625
2017/8/29,520.982,1840.394
2017/8/30,516.351,1815.988
2017/8/31,516.312,1795.284
2017/9/1,517.021,1661.167
2017/9/2,468.17,1570.44
2017/9/3,465.286,1497.612
2017/9/4,469.724,1374.84
2017/9/5,469.785,1122.623
2017/9/6,469.818,1072.516
2017/9/7,469.87,1350.682
2017/9/8,469.873,1251.954
2017/9/9,469.767,1044.347
2017/9/10,469.738,918.204
2017/9/11,469.842,754.911
2017/9/12,469.81,787.739
2017/9/13,469.743,568.416
2017/9/14,469.766,348.837
2017/9/15,469.72,97.157
2017/9/16,469.717,84.185
2017/9/17,469.735,216.135
2017/9/18,469.704,415.772
2017/9/19,469.72,633.83
2017/9/20,469.688,693.286
2017/9/21,469.678,684.535
2017/9/22,469.669,523.192
2017/9/23,469.684,137.907
2017/9/24,469.734,305.366
2017/9/25,469.745,448.161
2017/9/26,469.763,306.864
2017/9/27,469.796,246.246
2017/9/28,469.775,275.59
2017/9/29,469.643,319.727
2017/9/30,469.741,314.98
2017/10/1,469.73,125.162
2017/10/2,469.787,62.006
2017/10/3,469.771,0.176
2017/10/4,469.836,173.415
2017/10/5,469.822,176.261
2017/10/6,469.743,116.51
2017/10/7,469.739,307.017
2017/10/8,469.708,163.014
2017/10/9,469.667,241.377
2017/10/10,469.654,350.126
2017/10/11,469.663,269.955
2017/10/12,469.689,172.947
2017/10/13,469.784,102.004
2017/10/14,469.655,4.834
2017/10/15,469.679,0.185
2017/10/16,469.657,0.197
2017/10/17,469.689,364.666
2017/10/18,469.731,296.461
2017/10/19,459.695,214.145
2017/10/20,444.465,
2017/10/21,412.467,
2017/10/22,326.269,
2017/10/23,287.45,
2017/10/24,285.133,
2017/10/25,120.239,
2017/10/26,175.961,
2017/10/27,198.057,
2017/10/28,182.997,
2017/10/29,277.933,
2017/10/30,323.749,
2017/10/31,354.542,
2017/11/1,457.136,
2017/11/2,482.649,
2017/11/3,481.413,
2017/11/4,481.752,
2017/11/5,381.984,
2017/11/6,291.379,
2017/11/7,327.164,
2017/11/8,330.47,
2017/11/9,456.817,
2017/11/10,540.62,
2017/11/11,577.653,
2017/11/12,757.425,
2017/11/13,804.396,
2017/11/14,836.003,
2017/11/15,828.051,
2017/11/16,805.028,
2017/11/17,778.581,
2017/11/18,763.697,
2017/11/19,763.628,
2017/11/20,763.652,
2017/11/21,763.6,
2017/11/22,763.555,
2017/11/23,763.632,
2017/11/24,763.555,
2017/11/25,763.764,
2017/11/26,763.753,
2017/11/27,763.777,
2017/11/28,854.901,
2017/11/29,1078.523,
2017/11/30,1063.266,
2017/12/1,1048.445,
2017/12/2,1026.97,
2017/12/3,994.394,
2017/12/4,932.144,
2017/12/5,848.078,
2017/12/6,850.181,
2017/12/7,884.692,
2017/12/8,846.843,
2017/12/9,961.157,
2017/12/10,999.084,
2017/12/11,948.105,
2017/12/12,976.677,
2017/12/13,1078.384,
2017/12/14,1033.151,
2017/12/15,1018.353,
2017/12/16,1009.286,
2017/12/17,979.089,
2017/12/18,962.416,
2017/12/19,941.379,
2017/12/20,915.986,
2017/12/21,878.247,
2017/12/22,948.98,
2017/12/23,976.059,
2017/12/24,1014.51,
2017/12/25,1056.501,
2017/12/26,1072.729,
2017/12/27,1062.736,
2017/12/28,1041.593,
2017/12/29,1024.17,
2017/12/30,977.193,
2017/12/31,815.474,
2018/1/1,901.861,
2018/1/2,939.015,
2018/1/3,896.975,
2018/1/4,1084.481,
2018/1/5,1096.927,
2018/1/6,1071.527,
2018/1/7,1051.293,
2018/1/8,1060.328,
2018/1/9,1054.809,
2018/1/10,1013.992,
2018/1/11,997.379,
2018/1/12,969.044,
2018/1/13,949.431,
2018/1/14,943.332,
2018/1/15,949.176,
2018/1/16,856.8,
2018/1/17,866.519,
2018/1/18,865.514,
2018/1/19,843.696,
2018/1/20,857.15,
2018/1/21,850.051,
2018/1/22,842.261,
2018/1/23,796.327,
2018/1/24,825.094,
2018/1/25,946.588,
2018/1/26,966.28,
2018/1/27,1042.494,
2018/1/28,1019.02,
2018/1/29,943.842,
2018/1/30,913.204,
2018/1/31,912.744,
2018/2/1,912.906,
2018/2/2,994.276,
2018/2/3,993.958,
2018/2/4,985.87,
2018/2/5,983.472,
2018/2/6,982.55,
2018/2/7,1017.514,
2018/2/8,1000.627,
2018/2/9,941.714,
2018/2/10,1008.985,
2018/2/11,966.476,
2018/2/12,945.433,
2018/2/13,917.894,
2018/2/14,2725.664,
2018/2/15,,
2018/2/16,1226.386,
2018/2/17,1890.112,
2018/2/18,852.652,
2018/2/19,785.083,
2018/2/20,6060.891,
2018/2/21,388.244,
2018/2/22,559.404,
2018/2/23,2058.861,
2018/2/24,7630.067,
2018/2/25,882.627,
2018/2/26,6405.209,
2018/2/27,5930.467,
2018/2/28,5903.068,
2018/3/1,92.431,
2018/3/2,140.782,
2018/3/3,459.168,
2018/3/4,145.375,
2018/3/5,906.933,
2018/3/6,841.793,
2018/3/7,1015.682,
2018/3/8,4521.244,
2018/3/9,1262.867,
2018/3/10,638.572,
2018/3/11,692.85,
2018/3/12,725.929,
2018/3/13,727.735,
2018/3/14,785.713,
2018/3/15,834.721,
2018/3/16,837.058,
2018/3/17,854.221,
2018/3/18,837.052,
2018/3/19,827.522,
2018/3/20,1438.32,
2018/3/21,2376.018,
2018/3/22,1304.688,
2018/3/23,827.327,
2018/3/24,773.297,
2018/3/25,770.792,
2018/3/26,786.548,
2018/3/27,837.566,
2018/3/28,834.962,
2018/3/29,983.883,
2018/3/30,1008.722,
2018/3/31,947.617,
2018/4/1,999.559,
2018/4/2,982.924,
2018/4/3,904.013,
2018/4/4,836.821,
2018/4/5,855.399,
2018/4/6,875.917,
2018/4/7,867.868,
2018/4/8,829.628,
2018/4/9,782.001,
2018/4/10,736.281,
2018/4/11,689.026,
2018/4/12,611.98,
2018/4/13,581.416,
2018/4/14,559.974,
2018/4/15,569.934,
2018/4/16,563.008,
2018/4/17,545.114,
2018/4/18,555.399,
2018/4/19,553.318,
2018/4/20,542.366,
2018/4/21,526.935,
2018/4/22,430.236,
2018/4/23,147.369,
2018/4/24,147.612,
2018/4/25,147.532,
2018/4/26,147.601,
2018/4/27,147.444,
2018/4/28,147.345,
2018/4/29,146.988,
2018/4/30,147.368,
2018/5/1,147.575,
2018/5/2,147.765,
2018/5/3,,
2018/5/4,,
2018/5/5,,
2018/5/6,,
2018/5/7,,
2018/5/8,,
2018/5/9,,
2018/5/10,,
2018/5/11,,
2018/5/12,,
2018/5/13,,
2018/5/14,,
2018/5/15,,
2018/5/16,,
2018/5/17,,
2018/5/18,,
2018/5/19,,
2018/5/20,,
2018/5/21,,
2018/5/22,,
2018/5/23,,
2018/5/24,,
2018/5/25,,
2018/5/26,,
2018/5/27,,
2018/5/28,,
2018/5/29,,
2018/5/30,,
2018/5/31,,
2018/6/1,,
2018/6/2,,
2018/6/3,,
2018/6/4,,
2018/6/5,,
2018/6/6,,
2018/6/7,,
2018/6/8,,
2018/6/9,,
2018/6/10,,
2018/6/11,,
2018/6/12,,
2018/6/13,,
2018/6/14,,
2018/6/15,,
2018/6/16,,
2018/6/17,,
2018/6/18,,
2018/6/19,,
2018/6/20,,
2018/6/21,,
2018/6/22,,
2018/6/23,,
2018/6/24,,
2018/6/25,,
2018/6/26,,
2018/6/27,,
2018/6/28,,
2018/6/29,,
2018/6/30,,
2018/7/1,,
2018/7/2,,
2018/7/3,,
2018/7/4,,
2018/7/5,,
2018/7/6,,
2018/7/7,,
2018/7/8,,
2018/7/9,,
2018/7/10,,
2018/7/11,,
2018/7/12,,
2018/7/13,,
2018/7/14,,
2018/7/15,,
2018/7/16,,
2018/7/17,,
2018/7/18,,
2018/7/19,,
2018/7/20,,
2018/7/21,,
2018/7/22,,
2018/7/23,,
2018/7/24,,
2018/7/25,,
2018/7/26,,
2018/7/27,,
2018/7/28,,
2018/7/29,,
2018/7/30,,
2018/7/31,,
2018/8/1,,
2018/8/2,,
2018/8/3,,
2018/8/4,,
2018/8/5,,
2018/8/6,,
2018/8/7,,
2018/8/8,,
2018/8/9,,
2018/8/10,,
2018/8/11,,
2018/8/12,,
2018/8/13,,
2018/8/14,,
2018/8/15,,
2018/8/16,,
2018/8/17,,
2018/8/18,,
2018/8/19,,
2018/8/20,,
2018/8/21,,
2018/8/22,,
2018/8/23,,
2018/8/24,,
2018/8/25,,
2018/8/26,,
2018/8/27,,
2018/8/28,,
2018/8/29,,
2018/8/30,,
2018/8/31,,
2018/9/1,,
2018/9/2,,
2018/9/3,,
2018/9/4,,
2018/9/5,,
2018/9/6,,
2018/9/7,,
2018/9/8,,
2018/9/9,,
2018/9/10,,
2018/9/11,,
2018/9/12,,
2018/9/13,,
2018/9/14,,
2018/9/15,,
2018/9/16,,
2018/9/17,,
2018/9/18,,
2018/9/19,,
2018/9/20,,
2018/9/21,,
2018/9/22,,
2018/9/23,,
2018/9/24,,
2018/9/25,,
2018/9/26,,
2018/9/27,,
2018/9/28,,
2018/9/29,,
2018/9/30,,
2018/10/1,,
2018/10/2,,
2018/10/3,,
2018/10/4,,
2018/10/5,,
2018/10/6,,
2018/10/7,,
2018/10/8,,
2018/10/9,,
2018/10/10,,
2018/10/11,,
2018/10/12,,
2018/10/13,,
2018/10/14,,
2018/10/15,,
2018/10/16,,
2018/10/17,,
2018/10/18,,
2018/10/19,,
2018/10/20,,
2018/10/21,,
2018/10/22,,
2018/10/23,,
2018/10/24,,
2018/10/25,,
2018/10/26,,
2018/10/27,,
2018/10/28,,
2018/10/29,,
2018/10/30,,
2018/10/31,,
2018/11/1,,
2018/11/2,,
2018/11/3,,
2018/11/4,,
2018/11/5,,
2018/11/6,,
2018/11/7,,
2018/11/8,,
2018/11/9,,
2018/11/10,,
2018/11/11,,
2018/11/12,,
2018/11/13,,
2018/11/14,,
2018/11/15,,
2018/11/16,,
2018/11/17,,
2018/11/18,,
2018/11/19,,
2018/11/20,,
2018/11/21,,
2018/11/22,,
2018/11/23,,
2018/11/24,,
2018/11/25,,
2018/11/26,,
2018/11/27,,
2018/11/28,,
2018/11/29,,
2018/11/30,,
2018/12/1,,
2018/12/2,,
2018/12/3,,
2018/12/4,,
2018/12/5,,
2018/12/6,,
2018/12/7,,
2018/12/8,,
2018/12/9,,
2018/12/10,,
2018/12/11,,
2018/12/12,,
2018/12/13,,
2018/12/14,,
2018/12/15,,
2018/12/16,,
2018/12/17,,
2018/12/18,,
2018/12/19,,
2018/12/20,,
2018/12/21,,
2018/12/22,,
2018/12/23,,
2018/12/24,,
2018/12/25,,
2018/12/26,,
2018/12/27,,
2018/12/28,,
2018/12/29,,
2018/12/30,,
2018/12/31,,
2019/1/1,,
2019/1/2,,
2019/1/3,,
2019/1/4,,
2019/1/5,,
2019/1/6,,
2019/1/7,,
2019/1/8,,
2019/1/9,,
2019/1/10,,
2019/1/11,,
2019/1/12,,
2019/1/13,,
2019/1/14,,
2019/1/15,,
2019/1/16,,
2019/1/17,,
2019/1/18,,
2019/1/19,,
2019/1/20,,
2019/1/21,,
2019/1/22,,
2019/1/23,,
2019/1/24,,
2019/1/25,,
2019/1/26,,
2019/1/27,,
2019/1/28,,
2019/1/29,,
2019/1/30,,
2019/1/31,,
2019/2/1,,
2019/2/2,,
2019/2/3,,
2019/2/4,,
2019/2/5,,
2019/2/6,,
2019/2/7,,
2019/2/8,,
2019/2/9,,
2019/2/10,,
2019/2/11,,
2019/2/12,,
2019/2/13,,
2019/2/14,,
2019/2/15,,
2019/2/16,,
2019/2/17,,
2019/2/18,,
2019/2/19,,
2019/2/20,,
2019/2/21,,
2019/2/22,,
2019/2/23,,
2019/2/24,,
2019/2/25,,
2019/2/26,,
2019/2/27,,
2019/2/28,,
2019/3/1,,
2019/3/2,,
2019/3/3,,
2019/3/4,,
2019/3/5,,
2019/3/6,,
2019/3/7,,
2019/3/8,,
2019/3/9,,
2019/3/10,,
2019/3/11,,
2019/3/12,,
2019/3/13,,
2019/3/14,,
2019/3/15,,
2019/3/16,,
2019/3/17,,
2019/3/18,,
2019/3/19,,
2019/3/20,,
2019/3/21,,
2019/3/22,,
2019/3/23,,
2019/3/24,,
2019/3/25,,
2019/3/26,,
2019/3/27,,
2019/3/28,,
2019/3/29,,
2019/3/30,,
2019/3/31,,
2019/4/1,,
2019/4/2,,
2019/4/3,,
2019/4/4,,
2019/4/5,,
2019/4/6,,
2019/4/7,,
2019/4/8,,
2019/4/9,,
2019/4/10,,
2019/4/11,,
2019/4/12,,
2019/4/13,,
2019/4/14,,
2019/4/15,,
2019/4/16,,
2019/4/17,,
2019/4/18,,
2019/4/19,,
2019/4/20,,
2019/4/21,,
2019/4/22,,
2019/4/23,,
2019/4/24,,
2019/4/25,,
2019/4/26,,
2019/4/27,,
2019/4/28,,
2019/4/29,,
2019/4/30,,
2019/5/1,,
2019/5/2,,
2019/5/3,,
2019/5/4,,
2019/5/5,,
2019/5/6,,
2019/5/7,,
2019/5/8,,
2019/5/9,,
2019/5/10,,
2019/5/11,,
2019/5/12,,
2019/5/13,,
2019/5/14,,
2019/5/15,,
2019/5/16,,
2019/5/17,,
2019/5/18,,
2019/5/19,,
2019/5/20,,
2019/5/21,,
2019/5/22,,
2019/5/23,,
2019/5/24,,
2019/5/25,,
2019/5/26,,
2019/5/27,,
2019/5/28,,
2019/5/29,,
2019/5/30,,
2019/5/31,,
2019/6/1,,
2019/6/2,,
2019/6/3,,
2019/6/4,,
2019/6/5,,
2019/6/6,,
2019/6/7,,
2019/6/8,,
2019/6/9,,
2019/6/10,,
2019/6/11,,
2019/6/12,,
2019/6/13,,
2019/6/14,,
2019/6/15,,
2019/6/16,,
2019/6/17,,
2019/6/18,,
2019/6/19,,
2019/6/20,,
2019/6/21,,
2019/6/22,,
2019/6/23,,
2019/6/24,,
2019/6/25,,
2019/6/26,,
2019/6/27,,
2019/6/28,,
2019/6/29,,
2019/6/30,,
2019/7/1,,
2019/7/2,,
2019/7/3,,
2019/7/4,,
2019/7/5,,
2019/7/6,,
2019/7/7,,
2019/7/8,,
2019/7/9,,
2019/7/10,,
2019/7/11,,
2019/7/12,,
2019/7/13,,
2019/7/14,,
2019/7/15,,
2019/7/16,,
2019/7/17,,
2019/7/18,,
2019/7/19,,
2019/7/20,,
2019/7/21,,
2019/7/22,,
2019/7/23,,
2019/7/24,,
2019/7/25,,
2019/7/26,,
2019/7/27,,
2019/7/28,,
2019/7/29,,
2019/7/30,,
2019/7/31,,
2019/8/1,,
2019/8/2,,
2019/8/3,,
2019/8/4,,
2019/8/5,,
2019/8/6,,
2019/8/7,,
2019/8/8,,
2019/8/9,,
2019/8/10,,
2019/8/11,,
2019/8/12,,
2019/8/13,,
2019/8/14,,
2019/8/15,,
2019/8/16,,
2019/8/17,,
2019/8/18,,
2019/8/19,,
2019/8/20,,
2019/8/21,,
2019/8/22,,
2019/8/23,,
2019/8/24,,
2019/8/25,,
2019/8/26,,
2019/8/27,,
2019/8/28,,
2019/8/29,,
2019/8/30,,
2019/8/31,,
2019/9/1,,
2019/9/2,,
2019/9/3,,
2019/9/4,,
2019/9/5,,
2019/9/6,,
2019/9/7,,
2019/9/8,,
2019/9/9,,
2019/9/10,,
2019/9/11,,
2019/9/12,,
2019/9/13,,
2019/9/14,,
2019/9/15,,
2019/9/16,,
2019/9/17,,
2019/9/18,,
2019/9/19,,
2019/9/20,,
2019/9/21,,
2019/9/22,,
2019/9/23,,
2019/9/24,,
2019/9/25,,
2019/9/26,,
2019/9/27,,
2019/9/28,,
2019/9/29,,
2019/9/30,,
2019/10/1,,
2019/10/2,,
2019/10/3,,
2019/10/4,,
2019/10/5,,
2019/10/6,,
2019/10/7,,
2019/10/8,,
2019/10/9,,
2019/10/10,,
2019/10/11,,
2019/10/12,,
2019/10/13,,
2019/10/14,,
2019/10/15,,
2019/10/16,,
2019/10/17,,
2019/10/18,,
2019/10/19,,
2019/10/20,,
2019/10/21,,
2019/10/22,,
2019/10/23,,
2019/10/24,,
2019/10/25,,
2019/10/26,,
2019/10/27,,
2019/10/28,,
2019/10/29,,
2019/10/30,,
2019/10/31,,
2019/11/1,,
2019/11/2,,
2019/11/3,,
2019/11/4,,
2019/11/5,,
2019/11/6,,
2019/11/7,,
2019/11/8,,
2019/11/9,,
2019/11/10,,
2019/11/11,,
2019/11/12,,
2019/11/13,,
2019/11/14,,
2019/11/15,,
2019/11/16,,
2019/11/17,,
2019/11/18,,
2019/11/19,,
2019/11/20,,
2019/11/21,,
2019/11/22,,
2019/11/23,,
2019/11/24,,
2019/11/25,,
2019/11/26,,
2019/11/27,,
2019/11/28,,
2019/11/29,,
2019/11/30,,
2019/12/1,,
2019/12/2,,
2019/12/3,,
2019/12/4,,
2019/12/5,,
2019/12/6,,
2019/12/7,,
2019/12/8,,
2019/12/9,,
2019/12/10,,
2019/12/11,,
2019/12/12,,
2019/12/13,,
2019/12/14,,
2019/12/15,,
2019/12/16,,
2019/12/17,,
2019/12/18,,
2019/12/19,,
2019/12/20,1302.64,
2019/12/21,1239.186,
2019/12/22,1192.164,
2019/12/23,1106.211,
2019/12/24,1060.361,
2019/12/25,1171.545,
2019/12/26,1248.337,
2019/12/27,1283.315,
2019/12/28,1284.405,
2019/12/29,1284.323,
2019/12/30,1252.285,
2019/12/31,1222.104,
